Date,Time,Steps,Source
2024.11.13 05.15,05.15,201,nl.appyhapps.healthsync
2024.11.13 05.30,05.30,146,nl.appyhapps.healthsync
2024.11.13 05.45,05.45,42,nl.appyhapps.healthsync
2024.11.13 06.00,06.00,84,nl.appyhapps.healthsync
2024.11.13 06.15,06.15,45,nl.appyhapps.healthsync
2024.11.13 06.30,06.30,14,nl.appyhapps.healthsync
2024.11.13 06.45,06.45,1567,nl.appyhapps.healthsync
2024.11.13 07.00,07.00,2152,nl.appyhapps.healthsync
2024.11.13 07.15,07.15,2289,nl.appyhapps.healthsync
2024.11.13 07.30,07.30,1830,nl.appyhapps.healthsync
2024.11.13 08.00,08.00,133,nl.appyhapps.healthsync
2024.11.13 08.15,08.15,23,nl.appyhapps.healthsync
2024.11.13 08.30,08.30,13,nl.appyhapps.healthsync
2024.11.13 08.45,08.45,49,nl.appyhapps.healthsync
2024.11.13 09.00,09.00,35,nl.appyhapps.healthsync
2024.11.13 09.45,09.45,102,nl.appyhapps.healthsync
2024.11.13 10.00,10.00,34,nl.appyhapps.healthsync
2024.11.13 10.30,10.30,18,nl.appyhapps.healthsync
2024.11.13 11.15,11.15,61,nl.appyhapps.healthsync
2024.11.13 11.30,11.30,23,nl.appyhapps.healthsync
2024.11.13 11.45,11.45,57,nl.appyhapps.healthsync
2024.11.13 12.00,12.00,15,nl.appyhapps.healthsync
2024.11.13 12.15,12.15,102,nl.appyhapps.healthsync
2024.11.13 12.30,12.30,44,nl.appyhapps.healthsync
2024.11.13 12.45,12.45,14,nl.appyhapps.healthsync
2024.11.13 13.30,13.30,24,nl.appyhapps.healthsync
2024.11.13 13.45,13.45,18,nl.appyhapps.healthsync
2024.11.13 14.15,14.15,27,nl.appyhapps.healthsync
2024.11.13 15.30,15.30,20,nl.appyhapps.healthsync
2024.11.13 15.45,15.45,56,nl.appyhapps.healthsync
2024.11.13 16.45,16.45,117,nl.appyhapps.healthsync
2024.11.13 17.00,17.00,75,nl.appyhapps.healthsync
2024.11.13 17.30,17.30,11,nl.appyhapps.healthsync
2024.11.13 17.45,17.45,19,nl.appyhapps.healthsync
2024.11.13 18.00,18.00,31,nl.appyhapps.healthsync
2024.11.13 18.15,18.15,29,nl.appyhapps.healthsync
2024.11.13 18.30,18.30,68,nl.appyhapps.healthsync
2024.11.13 19.15,19.15,23,nl.appyhapps.healthsync
2024.11.13 19.30,19.30,83,nl.appyhapps.healthsync
2024.11.13 19.45,19.45,67,nl.appyhapps.healthsync
2024.11.13 20.00,20.00,87,nl.appyhapps.healthsync
2024.11.13 20.15,20.15,4,nl.appyhapps.healthsync
2024.11.13 20.30,20.30,154,nl.appyhapps.healthsync
2024.11.13 20.45,20.45,74,nl.appyhapps.healthsync
2024.11.14 02.15,02.15,17,nl.appyhapps.healthsync
2024.11.14 03.15,03.15,7,nl.appyhapps.healthsync
2024.11.14 03.45,03.45,9,nl.appyhapps.healthsync
2024.11.14 05.15,05.15,111,nl.appyhapps.healthsync
2024.11.14 05.30,05.30,20,nl.appyhapps.healthsync
2024.11.14 06.00,06.00,76,nl.appyhapps.healthsync
2024.11.14 06.15,06.15,87,nl.appyhapps.healthsync
2024.11.14 07.00,07.00,90,nl.appyhapps.healthsync
2024.11.14 07.30,07.30,112,nl.appyhapps.healthsync
2024.11.14 07.45,07.45,149,nl.appyhapps.healthsync
2024.11.14 08.00,08.00,49,nl.appyhapps.healthsync
2024.11.14 08.15,08.15,276,nl.appyhapps.healthsync
2024.11.14 08.30,08.30,313,nl.appyhapps.healthsync
2024.11.14 08.45,08.45,307,nl.appyhapps.healthsync
2024.11.14 09.00,09.00,107,nl.appyhapps.healthsync
2024.11.14 09.15,09.15,179,nl.appyhapps.healthsync
2024.11.14 09.30,09.30,24,nl.appyhapps.healthsync
2024.11.14 10.00,10.00,304,nl.appyhapps.healthsync
2024.11.14 10.15,10.15,42,nl.appyhapps.healthsync
2024.11.14 10.30,10.30,9,nl.appyhapps.healthsync
2024.11.14 10.45,10.45,525,nl.appyhapps.healthsync
2024.11.14 11.00,11.00,768,nl.appyhapps.healthsync
2024.11.14 11.30,11.30,330,nl.appyhapps.healthsync
2024.11.14 11.45,11.45,260,nl.appyhapps.healthsync
2024.11.14 12.00,12.00,8,nl.appyhapps.healthsync
2024.11.14 13.00,13.00,319,nl.appyhapps.healthsync
2024.11.14 13.15,13.15,104,nl.appyhapps.healthsync
2024.11.14 13.30,13.30,434,nl.appyhapps.healthsync
2024.11.14 14.00,14.00,383,nl.appyhapps.healthsync
2024.11.14 14.15,14.15,302,nl.appyhapps.healthsync
2024.11.14 14.30,14.30,199,nl.appyhapps.healthsync
2024.11.14 14.45,14.45,190,nl.appyhapps.healthsync
2024.11.14 15.00,15.00,355,nl.appyhapps.healthsync
2024.11.14 15.15,15.15,118,nl.appyhapps.healthsync
2024.11.14 16.00,16.00,271,nl.appyhapps.healthsync
2024.11.14 16.15,16.15,13,nl.appyhapps.healthsync
2024.11.14 17.15,17.15,11,nl.appyhapps.healthsync
2024.11.14 18.15,18.15,38,nl.appyhapps.healthsync
2024.11.14 18.45,18.45,243,nl.appyhapps.healthsync
2024.11.14 19.00,19.00,140,nl.appyhapps.healthsync
2024.11.14 19.15,19.15,220,nl.appyhapps.healthsync
2024.11.14 19.30,19.30,137,nl.appyhapps.healthsync
2024.11.14 19.45,19.45,23,nl.appyhapps.healthsync
2024.11.14 20.15,20.15,51,nl.appyhapps.healthsync
2024.11.14 20.30,20.30,9,nl.appyhapps.healthsync
2024.11.14 20.45,20.45,20,nl.appyhapps.healthsync
2024.11.14 21.15,21.15,169,nl.appyhapps.healthsync
2024.11.14 21.30,21.30,121,nl.appyhapps.healthsync
2024.11.14 21.45,21.45,14,nl.appyhapps.healthsync
2024.11.15 01.30,01.30,6,nl.appyhapps.healthsync
2024.11.15 05.30,05.30,8,nl.appyhapps.healthsync
2024.11.15 07.45,07.45,68,nl.appyhapps.healthsync
2024.11.15 08.00,08.00,30,nl.appyhapps.healthsync
2024.11.15 08.15,08.15,17,nl.appyhapps.healthsync
2024.11.15 08.45,08.45,35,nl.appyhapps.healthsync
2024.11.15 09.00,09.00,53,nl.appyhapps.healthsync
2024.11.15 09.30,09.30,47,nl.appyhapps.healthsync
2024.11.15 09.45,09.45,84,nl.appyhapps.healthsync
2024.11.15 10.15,10.15,13,nl.appyhapps.healthsync
2024.11.15 10.30,10.30,269,nl.appyhapps.healthsync
2024.11.15 10.45,10.45,47,nl.appyhapps.healthsync
2024.11.15 11.00,11.00,150,nl.appyhapps.healthsync
2024.11.15 11.15,11.15,208,nl.appyhapps.healthsync
2024.11.15 11.30,11.30,1818,nl.appyhapps.healthsync
2024.11.15 11.45,11.45,2177,nl.appyhapps.healthsync
2024.11.15 12.00,12.00,1591,nl.appyhapps.healthsync
2024.11.15 12.15,12.15,249,nl.appyhapps.healthsync
2024.11.15 12.30,12.30,1569,nl.appyhapps.healthsync
2024.11.15 12.45,12.45,943,nl.appyhapps.healthsync
2024.11.15 13.15,13.15,55,nl.appyhapps.healthsync
2024.11.15 13.30,13.30,173,nl.appyhapps.healthsync
2024.11.15 13.45,13.45,52,nl.appyhapps.healthsync
2024.11.15 14.30,14.30,45,nl.appyhapps.healthsync
2024.11.15 15.15,15.15,9,nl.appyhapps.healthsync
2024.11.15 16.00,16.00,169,nl.appyhapps.healthsync
2024.11.15 16.45,16.45,120,nl.appyhapps.healthsync
2024.11.15 17.45,17.45,52,nl.appyhapps.healthsync
2024.11.15 18.00,18.00,230,nl.appyhapps.healthsync
2024.11.15 18.15,18.15,64,nl.appyhapps.healthsync
2024.11.15 18.30,18.30,28,nl.appyhapps.healthsync
2024.11.15 19.00,19.00,190,nl.appyhapps.healthsync
2024.11.15 19.15,19.15,76,nl.appyhapps.healthsync
2024.11.15 19.30,19.30,106,nl.appyhapps.healthsync
2024.11.15 19.45,19.45,25,nl.appyhapps.healthsync
2024.11.15 20.00,20.00,47,nl.appyhapps.healthsync
2024.11.15 20.15,20.15,9,nl.appyhapps.healthsync
2024.11.15 20.45,20.45,46,nl.appyhapps.healthsync
2024.11.15 21.15,21.15,20,nl.appyhapps.healthsync
2024.11.15 21.30,21.30,15,nl.appyhapps.healthsync
2024.11.15 22.00,22.00,91,nl.appyhapps.healthsync
2024.11.15 22.45,22.45,94,nl.appyhapps.healthsync
2024.11.15 23.00,23.00,15,nl.appyhapps.healthsync
2024.11.16 04.45,04.45,9,nl.appyhapps.healthsync
2024.11.16 08.00,08.00,8,nl.appyhapps.healthsync
2024.11.16 08.45,08.45,228,nl.appyhapps.healthsync
2024.11.16 09.00,09.00,124,nl.appyhapps.healthsync
2024.11.16 09.15,09.15,121,nl.appyhapps.healthsync
2024.11.16 09.30,09.30,121,nl.appyhapps.healthsync
2024.11.16 09.45,09.45,517,nl.appyhapps.healthsync
2024.11.16 10.00,10.00,262,nl.appyhapps.healthsync
2024.11.16 10.15,10.15,672,nl.appyhapps.healthsync
2024.11.16 10.30,10.30,90,nl.appyhapps.healthsync
2024.11.16 10.45,10.45,165,nl.appyhapps.healthsync
2024.11.16 11.00,11.00,240,nl.appyhapps.healthsync
2024.11.16 11.15,11.15,245,nl.appyhapps.healthsync
2024.11.16 11.30,11.30,152,nl.appyhapps.healthsync
2024.11.16 11.45,11.45,38,nl.appyhapps.healthsync
2024.11.16 12.15,12.15,51,nl.appyhapps.healthsync
2024.11.16 12.30,12.30,89,nl.appyhapps.healthsync
2024.11.16 12.45,12.45,411,nl.appyhapps.healthsync
2024.11.16 13.00,13.00,165,nl.appyhapps.healthsync
2024.11.16 13.15,13.15,329,nl.appyhapps.healthsync
2024.11.16 13.30,13.30,246,nl.appyhapps.healthsync
2024.11.16 13.45,13.45,499,nl.appyhapps.healthsync
2024.11.16 14.00,14.00,133,nl.appyhapps.healthsync
2024.11.16 14.15,14.15,1105,nl.appyhapps.healthsync
2024.11.16 14.30,14.30,1595,nl.appyhapps.healthsync
2024.11.16 14.45,14.45,1612,nl.appyhapps.healthsync
2024.11.16 15.00,15.00,1535,nl.appyhapps.healthsync
2024.11.16 15.15,15.15,1373,nl.appyhapps.healthsync
2024.11.16 15.30,15.30,1272,nl.appyhapps.healthsync
2024.11.16 15.45,15.45,90,nl.appyhapps.healthsync
2024.11.16 16.00,16.00,506,nl.appyhapps.healthsync
2024.11.16 16.15,16.15,316,nl.appyhapps.healthsync
2024.11.16 16.30,16.30,175,nl.appyhapps.healthsync
2024.11.16 16.45,16.45,55,nl.appyhapps.healthsync
2024.11.16 17.00,17.00,93,nl.appyhapps.healthsync
2024.11.16 17.15,17.15,35,nl.appyhapps.healthsync
2024.11.16 17.30,17.30,259,nl.appyhapps.healthsync
2024.11.16 17.45,17.45,497,nl.appyhapps.healthsync
2024.11.16 18.00,18.00,194,nl.appyhapps.healthsync
2024.11.16 18.15,18.15,141,nl.appyhapps.healthsync
2024.11.16 18.30,18.30,71,nl.appyhapps.healthsync
2024.11.16 18.45,18.45,91,nl.appyhapps.healthsync
2024.11.16 19.00,19.00,116,nl.appyhapps.healthsync
2024.11.16 19.15,19.15,179,nl.appyhapps.healthsync
2024.11.16 19.30,19.30,168,nl.appyhapps.healthsync
2024.11.16 19.45,19.45,41,nl.appyhapps.healthsync
2024.11.16 20.30,20.30,167,nl.appyhapps.healthsync
2024.11.16 20.45,20.45,65,nl.appyhapps.healthsync
2024.11.17 01.00,01.00,15,nl.appyhapps.healthsync
2024.11.17 02.30,02.30,11,nl.appyhapps.healthsync
2024.11.17 05.15,05.15,13,nl.appyhapps.healthsync
2024.11.17 05.30,05.30,79,nl.appyhapps.healthsync
2024.11.17 05.45,05.45,14,nl.appyhapps.healthsync
2024.11.17 06.00,06.00,227,nl.appyhapps.healthsync
2024.11.17 06.15,06.15,68,nl.appyhapps.healthsync
2024.11.17 06.30,06.30,8,nl.appyhapps.healthsync
2024.11.17 06.45,06.45,1331,nl.appyhapps.healthsync
2024.11.17 07.00,07.00,2310,nl.appyhapps.healthsync
2024.11.17 07.15,07.15,2214,nl.appyhapps.healthsync
2024.11.17 07.30,07.30,266,nl.appyhapps.healthsync
2024.11.17 07.45,07.45,22,nl.appyhapps.healthsync
2024.11.17 08.00,08.00,87,nl.appyhapps.healthsync
2024.11.17 10.00,10.00,10,nl.appyhapps.healthsync
2024.11.17 10.15,10.15,15,nl.appyhapps.healthsync
2024.11.17 11.00,11.00,108,nl.appyhapps.healthsync
2024.11.17 12.00,12.00,56,nl.appyhapps.healthsync
2024.11.17 12.15,12.15,106,nl.appyhapps.healthsync
2024.11.17 12.30,12.30,319,nl.appyhapps.healthsync
2024.11.17 12.45,12.45,279,nl.appyhapps.healthsync
2024.11.17 13.00,13.00,21,nl.appyhapps.healthsync
2024.11.17 13.15,13.15,112,nl.appyhapps.healthsync
2024.11.17 13.30,13.30,17,nl.appyhapps.healthsync
2024.11.17 13.45,13.45,67,nl.appyhapps.healthsync
2024.11.17 14.00,14.00,186,nl.appyhapps.healthsync
2024.11.17 14.15,14.15,140,nl.appyhapps.healthsync
2024.11.17 14.30,14.30,104,nl.appyhapps.healthsync
2024.11.17 14.45,14.45,215,nl.appyhapps.healthsync
2024.11.17 15.00,15.00,165,nl.appyhapps.healthsync
2024.11.17 15.15,15.15,170,nl.appyhapps.healthsync
2024.11.17 15.30,15.30,13,nl.appyhapps.healthsync
2024.11.17 15.45,15.45,77,nl.appyhapps.healthsync
2024.11.17 16.00,16.00,11,nl.appyhapps.healthsync
2024.11.17 16.15,16.15,349,nl.appyhapps.healthsync
2024.11.17 16.30,16.30,56,nl.appyhapps.healthsync
2024.11.17 17.45,17.45,47,nl.appyhapps.healthsync
2024.11.17 18.00,18.00,112,nl.appyhapps.healthsync
2024.11.17 18.15,18.15,180,nl.appyhapps.healthsync
2024.11.17 18.30,18.30,24,nl.appyhapps.healthsync
2024.11.17 18.45,18.45,4,nl.appyhapps.healthsync
2024.11.17 19.15,19.15,210,nl.appyhapps.healthsync
2024.11.17 19.30,19.30,230,nl.appyhapps.healthsync
2024.11.17 19.45,19.45,11,nl.appyhapps.healthsync
2024.11.17 20.15,20.15,27,nl.appyhapps.healthsync
2024.11.17 20.30,20.30,29,nl.appyhapps.healthsync
2024.11.17 20.45,20.45,181,nl.appyhapps.healthsync
2024.11.18 01.00,01.00,9,nl.appyhapps.healthsync
2024.11.18 03.15,03.15,31,nl.appyhapps.healthsync
2024.11.18 05.15,05.15,73,nl.appyhapps.healthsync
2024.11.18 05.30,05.30,11,nl.appyhapps.healthsync
2024.11.18 06.00,06.00,184,nl.appyhapps.healthsync
2024.11.18 06.15,06.15,1713,nl.appyhapps.healthsync
2024.11.18 06.30,06.30,2248,nl.appyhapps.healthsync
2024.11.18 06.45,06.45,2276,nl.appyhapps.healthsync
2024.11.18 07.00,07.00,541,nl.appyhapps.healthsync
2024.11.18 07.15,07.15,169,nl.appyhapps.healthsync
2024.11.18 07.30,07.30,46,nl.appyhapps.healthsync
2024.11.18 07.45,07.45,41,nl.appyhapps.healthsync
2024.11.18 08.00,08.00,204,nl.appyhapps.healthsync
2024.11.18 08.45,08.45,146,nl.appyhapps.healthsync
2024.11.18 09.00,09.00,188,nl.appyhapps.healthsync
2024.11.18 09.15,09.15,268,nl.appyhapps.healthsync
2024.11.18 09.30,09.30,105,nl.appyhapps.healthsync
2024.11.18 09.45,09.45,300,nl.appyhapps.healthsync
2024.11.18 10.00,10.00,72,nl.appyhapps.healthsync
2024.11.18 10.30,10.30,11,nl.appyhapps.healthsync
2024.11.18 10.45,10.45,250,nl.appyhapps.healthsync
2024.11.18 11.00,11.00,95,nl.appyhapps.healthsync
2024.11.18 11.45,11.45,765,nl.appyhapps.healthsync
2024.11.18 12.00,12.00,235,nl.appyhapps.healthsync
2024.11.18 12.15,12.15,8,nl.appyhapps.healthsync
2024.11.18 13.30,13.30,192,nl.appyhapps.healthsync
2024.11.18 13.45,13.45,1160,nl.appyhapps.healthsync
2024.11.18 14.00,14.00,21,nl.appyhapps.healthsync
2024.11.18 15.00,15.00,216,nl.appyhapps.healthsync
2024.11.18 16.00,16.00,522,nl.appyhapps.healthsync
2024.11.18 16.15,16.15,327,nl.appyhapps.healthsync
2024.11.18 17.00,17.00,349,nl.appyhapps.healthsync
2024.11.18 17.45,17.45,15,nl.appyhapps.healthsync
2024.11.18 18.00,18.00,78,nl.appyhapps.healthsync
2024.11.18 18.15,18.15,353,nl.appyhapps.healthsync
2024.11.18 18.30,18.30,218,nl.appyhapps.healthsync
2024.11.18 18.45,18.45,158,nl.appyhapps.healthsync
2024.11.18 19.00,19.00,267,nl.appyhapps.healthsync
2024.11.18 19.15,19.15,60,nl.appyhapps.healthsync
2024.11.18 19.30,19.30,298,nl.appyhapps.healthsync
2024.11.18 19.45,19.45,11,nl.appyhapps.healthsync
2024.11.18 20.15,20.15,61,nl.appyhapps.healthsync
2024.11.18 20.30,20.30,229,nl.appyhapps.healthsync
2024.11.18 20.45,20.45,80,nl.appyhapps.healthsync
2024.11.18 22.45,22.45,9,nl.appyhapps.healthsync
2024.11.19 03.15,03.15,12,nl.appyhapps.healthsync
2024.11.19 04.15,04.15,13,nl.appyhapps.healthsync
2024.11.19 05.00,05.00,103,nl.appyhapps.healthsync
2024.11.19 05.15,05.15,57,nl.appyhapps.healthsync
2024.11.19 05.30,05.30,46,nl.appyhapps.healthsync
2024.11.19 05.45,05.45,17,nl.appyhapps.healthsync
2024.11.19 06.00,06.00,186,nl.appyhapps.healthsync
2024.11.19 06.15,06.15,149,nl.appyhapps.healthsync
2024.11.19 07.15,07.15,38,nl.appyhapps.healthsync
2024.11.19 07.30,07.30,213,nl.appyhapps.healthsync
2024.11.19 07.45,07.45,28,nl.appyhapps.healthsync
2024.11.19 08.00,08.00,305,nl.appyhapps.healthsync
2024.11.19 08.15,08.15,341,nl.appyhapps.healthsync
2024.11.19 08.30,08.30,185,nl.appyhapps.healthsync
2024.11.19 08.45,08.45,300,nl.appyhapps.healthsync
2024.11.19 09.15,09.15,89,nl.appyhapps.healthsync
2024.11.19 09.30,09.30,267,nl.appyhapps.healthsync
2024.11.19 09.45,09.45,373,nl.appyhapps.healthsync
2024.11.19 10.15,10.15,249,nl.appyhapps.healthsync
2024.11.19 10.30,10.30,339,nl.appyhapps.healthsync
2024.11.19 10.45,10.45,19,nl.appyhapps.healthsync
2024.11.19 11.00,11.00,276,nl.appyhapps.healthsync
2024.11.19 11.15,11.15,13,nl.appyhapps.healthsync
2024.11.19 11.30,11.30,202,nl.appyhapps.healthsync
2024.11.19 11.45,11.45,174,nl.appyhapps.healthsync
2024.11.19 12.30,12.30,867,nl.appyhapps.healthsync
2024.11.19 12.45,12.45,484,nl.appyhapps.healthsync
2024.11.19 13.00,13.00,135,nl.appyhapps.healthsync
2024.11.19 13.30,13.30,104,nl.appyhapps.healthsync
2024.11.19 13.45,13.45,383,nl.appyhapps.healthsync
2024.11.19 14.00,14.00,288,nl.appyhapps.healthsync
2024.11.19 14.15,14.15,288,nl.appyhapps.healthsync
2024.11.19 15.00,15.00,98,nl.appyhapps.healthsync
2024.11.19 15.15,15.15,116,nl.appyhapps.healthsync
2024.11.19 16.15,16.15,96,nl.appyhapps.healthsync
2024.11.19 16.30,16.30,169,nl.appyhapps.healthsync
2024.11.19 16.45,16.45,174,nl.appyhapps.healthsync
2024.11.19 17.15,17.15,313,nl.appyhapps.healthsync
2024.11.19 18.00,18.00,116,nl.appyhapps.healthsync
2024.11.19 18.15,18.15,216,nl.appyhapps.healthsync
2024.11.19 18.30,18.30,225,nl.appyhapps.healthsync
2024.11.19 18.45,18.45,210,nl.appyhapps.healthsync
2024.11.19 19.00,19.00,140,nl.appyhapps.healthsync
2024.11.19 19.15,19.15,117,nl.appyhapps.healthsync
2024.11.19 19.30,19.30,130,nl.appyhapps.healthsync
2024.11.19 20.15,20.15,57,nl.appyhapps.healthsync
2024.11.19 20.30,20.30,14,nl.appyhapps.healthsync
2024.11.19 21.00,21.00,175,nl.appyhapps.healthsync
2024.11.19 21.15,21.15,11,nl.appyhapps.healthsync
2024.11.20 03.30,03.30,7,nl.appyhapps.healthsync
2024.11.20 07.00,07.00,146,nl.appyhapps.healthsync
2024.11.20 07.15,07.15,293,nl.appyhapps.healthsync
2024.11.20 07.30,07.30,11,nl.appyhapps.healthsync
2024.11.20 07.45,07.45,102,nl.appyhapps.healthsync
2024.11.20 08.00,08.00,124,nl.appyhapps.healthsync
2024.11.20 08.15,08.15,59,nl.appyhapps.healthsync
2024.11.20 08.30,08.30,1445,nl.appyhapps.healthsync
2024.11.20 08.45,08.45,2339,nl.appyhapps.healthsync
2024.11.20 09.00,09.00,1948,nl.appyhapps.healthsync
2024.11.20 09.15,09.15,254,nl.appyhapps.healthsync
2024.11.20 09.30,09.30,11,nl.appyhapps.healthsync
2024.11.20 09.45,09.45,188,nl.appyhapps.healthsync
2024.11.20 10.15,10.15,109,nl.appyhapps.healthsync
2024.11.20 10.30,10.30,17,nl.appyhapps.healthsync
2024.11.20 11.00,11.00,57,nl.appyhapps.healthsync
2024.11.20 11.15,11.15,67,nl.appyhapps.healthsync
2024.11.20 11.30,11.30,67,nl.appyhapps.healthsync
2024.11.20 11.45,11.45,18,nl.appyhapps.healthsync
2024.11.20 12.00,12.00,96,nl.appyhapps.healthsync
2024.11.20 12.15,12.15,203,nl.appyhapps.healthsync
2024.11.20 12.30,12.30,114,nl.appyhapps.healthsync
2024.11.20 12.45,12.45,22,nl.appyhapps.healthsync
2024.11.20 13.15,13.15,126,nl.appyhapps.healthsync
2024.11.20 14.30,14.30,54,nl.appyhapps.healthsync
2024.11.20 14.45,14.45,307,nl.appyhapps.healthsync
2024.11.20 15.00,15.00,31,nl.appyhapps.healthsync
2024.11.20 15.15,15.15,16,nl.appyhapps.healthsync
2024.11.20 15.30,15.30,86,nl.appyhapps.healthsync
2024.11.20 15.45,15.45,71,nl.appyhapps.healthsync
2024.11.20 16.00,16.00,73,nl.appyhapps.healthsync
2024.11.20 16.15,16.15,32,nl.appyhapps.healthsync
2024.11.20 16.45,16.45,16,nl.appyhapps.healthsync
2024.11.20 17.00,17.00,83,nl.appyhapps.healthsync
2024.11.20 17.45,17.45,27,nl.appyhapps.healthsync
2024.11.20 18.00,18.00,80,nl.appyhapps.healthsync
2024.11.20 18.15,18.15,82,nl.appyhapps.healthsync
2024.11.20 18.30,18.30,52,nl.appyhapps.healthsync
2024.11.20 18.45,18.45,78,nl.appyhapps.healthsync
2024.11.20 19.00,19.00,45,nl.appyhapps.healthsync
2024.11.20 19.15,19.15,19,nl.appyhapps.healthsync
2024.11.20 19.30,19.30,9,nl.appyhapps.healthsync
2024.11.20 20.15,20.15,99,nl.appyhapps.healthsync
2024.11.20 20.30,20.30,11,nl.appyhapps.healthsync
2024.11.20 21.00,21.00,115,nl.appyhapps.healthsync
2024.11.20 21.15,21.15,120,nl.appyhapps.healthsync
2024.11.20 21.30,21.30,69,nl.appyhapps.healthsync
2024.11.20 22.30,22.30,16,nl.appyhapps.healthsync
2024.11.21 07.15,07.15,48,nl.appyhapps.healthsync
2024.11.21 07.30,07.30,82,nl.appyhapps.healthsync
2024.11.21 07.45,07.45,40,nl.appyhapps.healthsync
2024.11.21 08.00,08.00,137,nl.appyhapps.healthsync
2024.11.21 08.15,08.15,44,nl.appyhapps.healthsync
2024.11.21 08.30,08.30,158,nl.appyhapps.healthsync
2024.11.21 08.45,08.45,23,nl.appyhapps.healthsync
2024.11.21 09.30,09.30,38,nl.appyhapps.healthsync
2024.11.21 09.45,09.45,256,nl.appyhapps.healthsync
2024.11.21 10.45,10.45,104,nl.appyhapps.healthsync
2024.11.21 11.00,11.00,58,nl.appyhapps.healthsync
2024.11.21 11.30,11.30,33,nl.appyhapps.healthsync
2024.11.21 11.45,11.45,27,nl.appyhapps.healthsync
2024.11.21 12.30,12.30,77,nl.appyhapps.healthsync
2024.11.21 12.45,12.45,89,nl.appyhapps.healthsync
2024.11.21 13.00,13.00,41,nl.appyhapps.healthsync
2024.11.21 13.15,13.15,147,nl.appyhapps.healthsync
2024.11.21 13.30,13.30,156,nl.appyhapps.healthsync
2024.11.21 14.00,14.00,22,nl.appyhapps.healthsync
2024.11.21 14.30,14.30,221,nl.appyhapps.healthsync
2024.11.21 14.45,14.45,42,nl.appyhapps.healthsync
2024.11.21 15.15,15.15,6,nl.appyhapps.healthsync
2024.11.21 15.30,15.30,74,nl.appyhapps.healthsync
2024.11.21 16.00,16.00,273,nl.appyhapps.healthsync
2024.11.21 16.15,16.15,106,nl.appyhapps.healthsync
2024.11.21 16.30,16.30,348,nl.appyhapps.healthsync
2024.11.21 16.45,16.45,264,nl.appyhapps.healthsync
2024.11.21 17.00,17.00,297,nl.appyhapps.healthsync
2024.11.21 18.30,18.30,11,nl.appyhapps.healthsync
2024.11.21 19.00,19.00,164,nl.appyhapps.healthsync
2024.11.21 19.15,19.15,59,nl.appyhapps.healthsync
2024.11.21 19.30,19.30,58,nl.appyhapps.healthsync
2024.11.21 20.15,20.15,9,nl.appyhapps.healthsync
2024.11.21 21.15,21.15,226,nl.appyhapps.healthsync
2024.11.21 21.30,21.30,100,nl.appyhapps.healthsync
2024.11.21 21.45,21.45,99,nl.appyhapps.healthsync
2024.11.21 22.00,22.00,61,nl.appyhapps.healthsync
2024.11.21 22.30,22.30,304,nl.appyhapps.healthsync
2024.11.22 03.45,03.45,6,nl.appyhapps.healthsync
2024.11.22 06.45,06.45,9,nl.appyhapps.healthsync
2024.11.22 08.00,08.00,198,nl.appyhapps.healthsync
2024.11.22 08.15,08.15,245,nl.appyhapps.healthsync
2024.11.22 08.30,08.30,124,nl.appyhapps.healthsync
2024.11.22 08.45,08.45,858,nl.appyhapps.healthsync
2024.11.22 09.00,09.00,2290,nl.appyhapps.healthsync
2024.11.22 09.15,09.15,2286,nl.appyhapps.healthsync
2024.11.22 09.30,09.30,1692,nl.appyhapps.healthsync
2024.11.22 09.45,09.45,111,nl.appyhapps.healthsync
2024.11.22 10.00,10.00,74,nl.appyhapps.healthsync
2024.11.22 10.15,10.15,240,nl.appyhapps.healthsync
2024.11.22 10.30,10.30,158,nl.appyhapps.healthsync
2024.11.22 10.45,10.45,143,nl.appyhapps.healthsync
2024.11.22 11.00,11.00,137,nl.appyhapps.healthsync
2024.11.22 11.15,11.15,182,nl.appyhapps.healthsync
2024.11.22 11.30,11.30,297,nl.appyhapps.healthsync
2024.11.22 12.15,12.15,19,nl.appyhapps.healthsync
2024.11.22 12.45,12.45,8,nl.appyhapps.healthsync
2024.11.22 13.00,13.00,165,nl.appyhapps.healthsync
2024.11.22 13.30,13.30,375,nl.appyhapps.healthsync
2024.11.22 13.45,13.45,36,nl.appyhapps.healthsync
2024.11.22 14.30,14.30,20,nl.appyhapps.healthsync
2024.11.22 14.45,14.45,85,nl.appyhapps.healthsync
2024.11.22 15.00,15.00,65,nl.appyhapps.healthsync
2024.11.22 15.15,15.15,270,nl.appyhapps.healthsync
2024.11.22 15.30,15.30,88,nl.appyhapps.healthsync
2024.11.22 15.45,15.45,651,nl.appyhapps.healthsync
2024.11.22 16.00,16.00,1304,nl.appyhapps.healthsync
2024.11.22 16.15,16.15,716,nl.appyhapps.healthsync
2024.11.22 16.30,16.30,63,nl.appyhapps.healthsync
2024.11.22 17.00,17.00,590,nl.appyhapps.healthsync
2024.11.22 17.15,17.15,355,nl.appyhapps.healthsync
2024.11.22 17.30,17.30,212,nl.appyhapps.healthsync
2024.11.22 17.45,17.45,152,nl.appyhapps.healthsync
2024.11.22 18.00,18.00,69,nl.appyhapps.healthsync
2024.11.22 18.15,18.15,65,nl.appyhapps.healthsync
2024.11.22 18.45,18.45,278,nl.appyhapps.healthsync
2024.11.22 19.00,19.00,286,nl.appyhapps.healthsync
2024.11.22 19.15,19.15,127,nl.appyhapps.healthsync
2024.11.22 19.30,19.30,145,nl.appyhapps.healthsync
2024.11.22 19.45,19.45,17,nl.appyhapps.healthsync
2024.11.22 20.15,20.15,18,nl.appyhapps.healthsync
2024.11.22 20.30,20.30,10,nl.appyhapps.healthsync
2024.11.22 21.30,21.30,101,nl.appyhapps.healthsync
2024.11.22 21.45,21.45,95,nl.appyhapps.healthsync
2024.11.22 22.00,22.00,258,nl.appyhapps.healthsync
2024.11.22 23.00,23.00,148,nl.appyhapps.healthsync
2024.11.22 23.15,23.15,40,nl.appyhapps.healthsync
2024.11.23 02.00,02.00,44,nl.appyhapps.healthsync
2024.11.23 03.15,03.15,8,nl.appyhapps.healthsync
2024.11.23 08.30,08.30,148,nl.appyhapps.healthsync
2024.11.23 09.00,09.00,141,nl.appyhapps.healthsync
2024.11.23 09.15,09.15,236,nl.appyhapps.healthsync
2024.11.23 09.30,09.30,402,nl.appyhapps.healthsync
2024.11.23 09.45,09.45,64,nl.appyhapps.healthsync
2024.11.23 10.00,10.00,602,nl.appyhapps.healthsync
2024.11.23 10.15,10.15,453,nl.appyhapps.healthsync
2024.11.23 10.30,10.30,356,nl.appyhapps.healthsync
2024.11.23 10.45,10.45,217,nl.appyhapps.healthsync
2024.11.23 11.00,11.00,137,nl.appyhapps.healthsync
2024.11.23 11.15,11.15,67,nl.appyhapps.healthsync
2024.11.23 11.30,11.30,103,nl.appyhapps.healthsync
2024.11.23 11.45,11.45,152,nl.appyhapps.healthsync
2024.11.23 12.00,12.00,350,nl.appyhapps.healthsync
2024.11.23 12.15,12.15,64,nl.appyhapps.healthsync
2024.11.23 12.30,12.30,233,nl.appyhapps.healthsync
2024.11.23 12.45,12.45,126,nl.appyhapps.healthsync
2024.11.23 13.00,13.00,138,nl.appyhapps.healthsync
2024.11.23 13.15,13.15,138,nl.appyhapps.healthsync
2024.11.23 13.30,13.30,126,nl.appyhapps.healthsync
2024.11.23 13.45,13.45,274,nl.appyhapps.healthsync
2024.11.23 14.00,14.00,52,nl.appyhapps.healthsync
2024.11.23 14.15,14.15,50,nl.appyhapps.healthsync
2024.11.23 14.45,14.45,57,nl.appyhapps.healthsync
2024.11.23 15.00,15.00,104,nl.appyhapps.healthsync
2024.11.23 15.15,15.15,32,nl.appyhapps.healthsync
2024.11.23 15.45,15.45,46,nl.appyhapps.healthsync
2024.11.23 16.30,16.30,8,nl.appyhapps.healthsync
2024.11.23 17.00,17.00,213,nl.appyhapps.healthsync
2024.11.23 17.15,17.15,55,nl.appyhapps.healthsync
2024.11.23 17.45,17.45,88,nl.appyhapps.healthsync
2024.11.23 18.00,18.00,483,nl.appyhapps.healthsync
2024.11.23 18.15,18.15,998,nl.appyhapps.healthsync
2024.11.23 18.30,18.30,329,nl.appyhapps.healthsync
2024.11.23 18.45,18.45,70,nl.appyhapps.healthsync
2024.11.23 19.00,19.00,939,nl.appyhapps.healthsync
2024.11.23 19.15,19.15,68,nl.appyhapps.healthsync
2024.11.23 19.30,19.30,39,nl.appyhapps.healthsync
2024.11.23 20.00,20.00,104,nl.appyhapps.healthsync
2024.11.23 20.45,20.45,91,nl.appyhapps.healthsync
2024.11.23 21.00,21.00,100,nl.appyhapps.healthsync
2024.11.23 21.15,21.15,47,nl.appyhapps.healthsync
2024.11.23 21.30,21.30,38,nl.appyhapps.healthsync
2024.11.23 22.00,22.00,155,nl.appyhapps.healthsync
2024.11.23 22.15,22.15,19,nl.appyhapps.healthsync
2024.11.24 00.45,00.45,7,nl.appyhapps.healthsync
2024.11.24 04.30,04.30,10,nl.appyhapps.healthsync
2024.11.24 08.00,08.00,15,nl.appyhapps.healthsync
2024.11.24 08.15,08.15,159,nl.appyhapps.healthsync
2024.11.24 08.30,08.30,29,nl.appyhapps.healthsync
2024.11.24 08.45,08.45,55,nl.appyhapps.healthsync
2024.11.24 09.00,09.00,673,nl.appyhapps.healthsync
2024.11.24 09.15,09.15,2294,nl.appyhapps.healthsync
2024.11.24 09.30,09.30,2300,nl.appyhapps.healthsync
2024.11.24 09.45,09.45,2149,nl.appyhapps.healthsync
2024.11.24 10.00,10.00,132,nl.appyhapps.healthsync
2024.11.24 10.15,10.15,285,nl.appyhapps.healthsync
2024.11.24 10.30,10.30,206,nl.appyhapps.healthsync
2024.11.24 10.45,10.45,236,nl.appyhapps.healthsync
2024.11.24 11.00,11.00,130,nl.appyhapps.healthsync
2024.11.24 11.15,11.15,96,nl.appyhapps.healthsync
2024.11.24 11.30,11.30,154,nl.appyhapps.healthsync
2024.11.24 11.45,11.45,183,nl.appyhapps.healthsync
2024.11.24 12.00,12.00,24,nl.appyhapps.healthsync
2024.11.24 12.15,12.15,93,nl.appyhapps.healthsync
2024.11.24 12.30,12.30,84,nl.appyhapps.healthsync
2024.11.24 12.45,12.45,157,nl.appyhapps.healthsync
2024.11.24 13.00,13.00,260,nl.appyhapps.healthsync
2024.11.24 13.30,13.30,149,nl.appyhapps.healthsync
2024.11.24 13.45,13.45,78,nl.appyhapps.healthsync
2024.11.24 14.00,14.00,195,nl.appyhapps.healthsync
2024.11.24 14.15,14.15,154,nl.appyhapps.healthsync
2024.11.24 14.30,14.30,84,nl.appyhapps.healthsync
2024.11.24 14.45,14.45,15,nl.appyhapps.healthsync
2024.11.24 15.00,15.00,41,nl.appyhapps.healthsync
2024.11.24 15.15,15.15,58,nl.appyhapps.healthsync
2024.11.24 15.30,15.30,361,nl.appyhapps.healthsync
2024.11.24 15.45,15.45,247,nl.appyhapps.healthsync
2024.11.24 16.00,16.00,176,nl.appyhapps.healthsync
2024.11.24 16.15,16.15,9,nl.appyhapps.healthsync
2024.11.24 16.45,16.45,9,nl.appyhapps.healthsync
2024.11.24 17.00,17.00,60,nl.appyhapps.healthsync
2024.11.24 17.15,17.15,158,nl.appyhapps.healthsync
2024.11.24 17.30,17.30,35,nl.appyhapps.healthsync
2024.11.24 18.00,18.00,18,nl.appyhapps.healthsync
2024.11.24 18.15,18.15,17,nl.appyhapps.healthsync
2024.11.24 18.30,18.30,7,nl.appyhapps.healthsync
2024.11.24 18.45,18.45,20,nl.appyhapps.healthsync
2024.11.24 19.00,19.00,63,nl.appyhapps.healthsync
2024.11.24 19.15,19.15,261,nl.appyhapps.healthsync
2024.11.24 19.30,19.30,22,nl.appyhapps.healthsync
2024.11.24 19.45,19.45,280,nl.appyhapps.healthsync
2024.11.24 20.00,20.00,9,nl.appyhapps.healthsync
2024.11.24 20.15,20.15,378,nl.appyhapps.healthsync
2024.11.24 20.30,20.30,200,nl.appyhapps.healthsync
2024.11.24 20.45,20.45,21,nl.appyhapps.healthsync
2024.11.24 21.15,21.15,33,nl.appyhapps.healthsync
2024.11.24 21.45,21.45,9,nl.appyhapps.healthsync
2024.11.25 01.45,01.45,23,nl.appyhapps.healthsync
2024.11.25 05.15,05.15,84,nl.appyhapps.healthsync
2024.11.25 05.30,05.30,82,nl.appyhapps.healthsync
2024.11.25 05.45,05.45,13,nl.appyhapps.healthsync
2024.11.25 06.00,06.00,152,nl.appyhapps.healthsync
2024.11.25 06.15,06.15,1744,nl.appyhapps.healthsync
2024.11.25 06.30,06.30,2260,nl.appyhapps.healthsync
2024.11.25 06.45,06.45,567,nl.appyhapps.healthsync
2024.11.25 07.00,07.00,59,nl.appyhapps.healthsync
2024.11.25 07.15,07.15,25,nl.appyhapps.healthsync
2024.11.25 07.30,07.30,69,nl.appyhapps.healthsync
2024.11.25 07.45,07.45,45,nl.appyhapps.healthsync
2024.11.25 08.00,08.00,402,nl.appyhapps.healthsync
2024.11.25 08.15,08.15,21,nl.appyhapps.healthsync
2024.11.25 08.30,08.30,232,nl.appyhapps.healthsync
2024.11.25 08.45,08.45,217,nl.appyhapps.healthsync
2024.11.25 09.00,09.00,102,nl.appyhapps.healthsync
2024.11.25 09.30,09.30,217,nl.appyhapps.healthsync
2024.11.25 09.45,09.45,20,nl.appyhapps.healthsync
2024.11.25 10.15,10.15,227,nl.appyhapps.healthsync
2024.11.25 10.30,10.30,105,nl.appyhapps.healthsync
2024.11.25 11.00,11.00,52,nl.appyhapps.healthsync
2024.11.25 11.15,11.15,204,nl.appyhapps.healthsync
2024.11.25 12.00,12.00,279,nl.appyhapps.healthsync
2024.11.25 12.15,12.15,83,nl.appyhapps.healthsync
2024.11.25 12.30,12.30,63,nl.appyhapps.healthsync
2024.11.25 12.45,12.45,264,nl.appyhapps.healthsync
2024.11.25 13.00,13.00,48,nl.appyhapps.healthsync
2024.11.25 13.15,13.15,92,nl.appyhapps.healthsync
2024.11.25 13.30,13.30,125,nl.appyhapps.healthsync
2024.11.25 15.00,15.00,100,nl.appyhapps.healthsync
2024.11.25 15.15,15.15,98,nl.appyhapps.healthsync
2024.11.25 15.45,15.45,173,nl.appyhapps.healthsync
2024.11.25 16.00,16.00,115,nl.appyhapps.healthsync
2024.11.25 16.30,16.30,11,nl.appyhapps.healthsync
2024.11.25 16.45,16.45,244,nl.appyhapps.healthsync
2024.11.25 17.00,17.00,271,nl.appyhapps.healthsync
2024.11.25 17.30,17.30,9,nl.appyhapps.healthsync
2024.11.25 17.45,17.45,253,nl.appyhapps.healthsync
2024.11.25 18.15,18.15,21,nl.appyhapps.healthsync
2024.11.25 18.45,18.45,389,nl.appyhapps.healthsync
2024.11.25 19.00,19.00,259,nl.appyhapps.healthsync
2024.11.25 19.15,19.15,97,nl.appyhapps.healthsync
2024.11.25 19.30,19.30,116,nl.appyhapps.healthsync
2024.11.25 19.45,19.45,53,nl.appyhapps.healthsync
2024.11.25 20.00,20.00,212,nl.appyhapps.healthsync
2024.11.25 20.15,20.15,136,nl.appyhapps.healthsync
2024.11.25 20.30,20.30,105,nl.appyhapps.healthsync
2024.11.25 20.45,20.45,9,nl.appyhapps.healthsync
2024.11.26 02.45,02.45,33,nl.appyhapps.healthsync
2024.11.26 05.15,05.15,190,nl.appyhapps.healthsync
2024.11.26 05.30,05.30,66,nl.appyhapps.healthsync
2024.11.26 05.45,05.45,28,nl.appyhapps.healthsync
2024.11.26 06.00,06.00,96,nl.appyhapps.healthsync
2024.11.26 06.15,06.15,36,nl.appyhapps.healthsync
2024.11.26 07.00,07.00,24,nl.appyhapps.healthsync
2024.11.26 07.15,07.15,79,nl.appyhapps.healthsync
2024.11.26 07.30,07.30,153,nl.appyhapps.healthsync
2024.11.26 07.45,07.45,42,nl.appyhapps.healthsync
2024.11.26 08.15,08.15,166,nl.appyhapps.healthsync
2024.11.26 08.30,08.30,23,nl.appyhapps.healthsync
2024.11.26 09.15,09.15,13,nl.appyhapps.healthsync
2024.11.26 10.00,10.00,55,nl.appyhapps.healthsync
2024.11.26 10.15,10.15,17,nl.appyhapps.healthsync
2024.11.26 10.45,10.45,49,nl.appyhapps.healthsync
2024.11.26 11.15,11.15,62,nl.appyhapps.healthsync
2024.11.26 11.45,11.45,11,nl.appyhapps.healthsync
2024.11.26 12.00,12.00,9,nl.appyhapps.healthsync
2024.11.26 12.15,12.15,24,nl.appyhapps.healthsync
2024.11.26 13.15,13.15,13,nl.appyhapps.healthsync
2024.11.26 13.45,13.45,106,nl.appyhapps.healthsync
2024.11.26 14.00,14.00,20,nl.appyhapps.healthsync
2024.11.26 14.15,14.15,472,nl.appyhapps.healthsync
2024.11.26 14.30,14.30,371,nl.appyhapps.healthsync
2024.11.26 15.00,15.00,17,nl.appyhapps.healthsync
2024.11.26 15.15,15.15,219,nl.appyhapps.healthsync
2024.11.26 16.00,16.00,68,nl.appyhapps.healthsync
2024.11.26 16.15,16.15,23,nl.appyhapps.healthsync
2024.11.26 16.30,16.30,292,nl.appyhapps.healthsync
2024.11.26 16.45,16.45,295,nl.appyhapps.healthsync
2024.11.26 17.00,17.00,263,nl.appyhapps.healthsync
2024.11.26 17.15,17.15,219,nl.appyhapps.healthsync
2024.11.26 17.30,17.30,488,nl.appyhapps.healthsync
2024.11.26 17.45,17.45,155,nl.appyhapps.healthsync
2024.11.26 18.00,18.00,52,nl.appyhapps.healthsync
2024.11.26 18.30,18.30,105,nl.appyhapps.healthsync
2024.11.26 18.45,18.45,146,nl.appyhapps.healthsync
2024.11.26 19.00,19.00,126,nl.appyhapps.healthsync
2024.11.26 19.15,19.15,173,nl.appyhapps.healthsync
2024.11.26 19.30,19.30,137,nl.appyhapps.healthsync
2024.11.26 20.00,20.00,46,nl.appyhapps.healthsync
2024.11.26 20.15,20.15,17,nl.appyhapps.healthsync
2024.11.26 20.30,20.30,11,nl.appyhapps.healthsync
2024.11.26 20.45,20.45,150,nl.appyhapps.healthsync
2024.11.26 21.00,21.00,13,nl.appyhapps.healthsync
2024.11.27 01.45,01.45,11,nl.appyhapps.healthsync
2024.11.27 02.00,02.00,7,nl.appyhapps.healthsync
2024.11.27 06.45,06.45,28,nl.appyhapps.healthsync
2024.11.27 07.30,07.30,95,nl.appyhapps.healthsync
2024.11.27 07.45,07.45,115,nl.appyhapps.healthsync
2024.11.27 08.00,08.00,56,nl.appyhapps.healthsync
2024.11.27 08.15,08.15,65,nl.appyhapps.healthsync
2024.11.27 08.30,08.30,137,nl.appyhapps.healthsync
2024.11.27 08.45,08.45,46,nl.appyhapps.healthsync
2024.11.27 09.00,09.00,92,nl.appyhapps.healthsync
2024.11.27 09.15,09.15,88,nl.appyhapps.healthsync
2024.11.27 09.30,09.30,167,nl.appyhapps.healthsync
2024.11.27 09.45,09.45,1391,nl.appyhapps.healthsync
2024.11.27 10.00,10.00,1655,nl.appyhapps.healthsync
2024.11.27 10.15,10.15,1599,nl.appyhapps.healthsync
2024.11.27 10.30,10.30,1569,nl.appyhapps.healthsync
2024.11.27 10.45,10.45,1629,nl.appyhapps.healthsync
2024.11.27 11.00,11.00,474,nl.appyhapps.healthsync
2024.11.27 11.45,11.45,190,nl.appyhapps.healthsync
2024.11.27 12.00,12.00,224,nl.appyhapps.healthsync
2024.11.27 12.15,12.15,15,nl.appyhapps.healthsync
2024.11.27 12.30,12.30,43,nl.appyhapps.healthsync
2024.11.27 12.45,12.45,108,nl.appyhapps.healthsync
2024.11.27 13.00,13.00,27,nl.appyhapps.healthsync
2024.11.27 13.15,13.15,46,nl.appyhapps.healthsync
2024.11.27 13.30,13.30,91,nl.appyhapps.healthsync
2024.11.27 13.45,13.45,17,nl.appyhapps.healthsync
2024.11.27 14.00,14.00,21,nl.appyhapps.healthsync
2024.11.27 14.15,14.15,17,nl.appyhapps.healthsync
2024.11.27 15.00,15.00,26,nl.appyhapps.healthsync
2024.11.27 15.15,15.15,9,nl.appyhapps.healthsync
2024.11.27 15.45,15.45,46,nl.appyhapps.healthsync
2024.11.27 16.00,16.00,23,nl.appyhapps.healthsync
2024.11.27 16.15,16.15,155,nl.appyhapps.healthsync
2024.11.27 16.30,16.30,77,nl.appyhapps.healthsync
2024.11.27 16.45,16.45,34,nl.appyhapps.healthsync
2024.11.27 17.15,17.15,106,nl.appyhapps.healthsync
2024.11.27 17.30,17.30,34,nl.appyhapps.healthsync
2024.11.27 17.45,17.45,15,nl.appyhapps.healthsync
2024.11.27 18.00,18.00,88,nl.appyhapps.healthsync
2024.11.27 18.15,18.15,171,nl.appyhapps.healthsync
2024.11.27 18.30,18.30,96,nl.appyhapps.healthsync
2024.11.27 18.45,18.45,139,nl.appyhapps.healthsync
2024.11.27 19.15,19.15,46,nl.appyhapps.healthsync
2024.11.27 19.30,19.30,122,nl.appyhapps.healthsync
2024.11.27 19.45,19.45,59,nl.appyhapps.healthsync
2024.11.27 20.00,20.00,26,nl.appyhapps.healthsync
2024.11.27 20.15,20.15,137,nl.appyhapps.healthsync
2024.11.27 20.30,20.30,15,nl.appyhapps.healthsync
2024.11.27 20.45,20.45,74,nl.appyhapps.healthsync
2024.11.27 21.15,21.15,282,nl.appyhapps.healthsync
2024.11.27 21.45,21.45,87,nl.appyhapps.healthsync
2024.11.27 22.30,22.30,214,nl.appyhapps.healthsync
2024.11.27 22.45,22.45,159,nl.appyhapps.healthsync
2024.11.27 23.00,23.00,39,nl.appyhapps.healthsync
2024.11.28 03.30,03.30,18,nl.appyhapps.healthsync
2024.11.28 04.30,04.30,19,nl.appyhapps.healthsync
2024.11.28 05.30,05.30,9,nl.appyhapps.healthsync
2024.11.28 06.30,06.30,9,nl.appyhapps.healthsync
2024.11.28 07.15,07.15,30,nl.appyhapps.healthsync
2024.11.28 07.30,07.30,149,nl.appyhapps.healthsync
2024.11.28 07.45,07.45,65,nl.appyhapps.healthsync
2024.11.28 08.00,08.00,19,nl.appyhapps.healthsync
2024.11.28 08.15,08.15,695,nl.appyhapps.healthsync
2024.11.28 08.30,08.30,2380,nl.appyhapps.healthsync
2024.11.28 08.45,08.45,1256,nl.appyhapps.healthsync
2024.11.28 09.00,09.00,93,nl.appyhapps.healthsync
2024.11.28 09.15,09.15,266,nl.appyhapps.healthsync
2024.11.28 09.30,09.30,126,nl.appyhapps.healthsync
2024.11.28 09.45,09.45,210,nl.appyhapps.healthsync
2024.11.28 10.00,10.00,35,nl.appyhapps.healthsync
2024.11.28 10.15,10.15,89,nl.appyhapps.healthsync
2024.11.28 10.30,10.30,209,nl.appyhapps.healthsync
2024.11.28 10.45,10.45,218,nl.appyhapps.healthsync
2024.11.28 11.00,11.00,96,nl.appyhapps.healthsync
2024.11.28 11.15,11.15,81,nl.appyhapps.healthsync
2024.11.28 11.30,11.30,82,nl.appyhapps.healthsync
2024.11.28 11.45,11.45,79,nl.appyhapps.healthsync
2024.11.28 12.00,12.00,119,nl.appyhapps.healthsync
2024.11.28 12.15,12.15,334,nl.appyhapps.healthsync
2024.11.28 12.30,12.30,110,nl.appyhapps.healthsync
2024.11.28 12.45,12.45,264,nl.appyhapps.healthsync
2024.11.28 13.00,13.00,194,nl.appyhapps.healthsync
2024.11.28 13.15,13.15,170,nl.appyhapps.healthsync
2024.11.28 13.30,13.30,198,nl.appyhapps.healthsync
2024.11.28 14.00,14.00,184,nl.appyhapps.healthsync
2024.11.28 14.15,14.15,163,nl.appyhapps.healthsync
2024.11.28 14.30,14.30,37,nl.appyhapps.healthsync
2024.11.28 14.45,14.45,51,nl.appyhapps.healthsync
2024.11.28 15.15,15.15,95,nl.appyhapps.healthsync
2024.11.28 15.30,15.30,68,nl.appyhapps.healthsync
2024.11.28 16.00,16.00,65,nl.appyhapps.healthsync
2024.11.28 16.15,16.15,38,nl.appyhapps.healthsync
2024.11.28 16.30,16.30,106,nl.appyhapps.healthsync
2024.11.28 16.45,16.45,55,nl.appyhapps.healthsync
2024.11.28 17.00,17.00,895,nl.appyhapps.healthsync
2024.11.28 17.15,17.15,1311,nl.appyhapps.healthsync
2024.11.28 17.30,17.30,1426,nl.appyhapps.healthsync
2024.11.28 17.45,17.45,703,nl.appyhapps.healthsync
2024.11.28 18.00,18.00,135,nl.appyhapps.healthsync
2024.11.28 18.15,18.15,81,nl.appyhapps.healthsync
2024.11.28 18.30,18.30,181,nl.appyhapps.healthsync
2024.11.28 18.45,18.45,141,nl.appyhapps.healthsync
2024.11.28 19.00,19.00,27,nl.appyhapps.healthsync
2024.11.28 19.15,19.15,29,nl.appyhapps.healthsync
2024.11.28 20.00,20.00,127,nl.appyhapps.healthsync
2024.11.28 20.15,20.15,193,nl.appyhapps.healthsync
2024.11.28 21.15,21.15,205,nl.appyhapps.healthsync
2024.11.28 21.30,21.30,33,nl.appyhapps.healthsync
2024.11.28 21.45,21.45,59,nl.appyhapps.healthsync
2024.11.28 22.00,22.00,90,nl.appyhapps.healthsync
2024.11.28 23.45,23.45,9,nl.appyhapps.healthsync
2024.11.29 01.15,01.15,9,nl.appyhapps.healthsync
2024.11.29 05.00,05.00,170,nl.appyhapps.healthsync
2024.11.29 05.15,05.15,152,nl.appyhapps.healthsync
2024.11.29 05.30,05.30,111,nl.appyhapps.healthsync
2024.11.29 05.45,05.45,43,nl.appyhapps.healthsync
2024.11.29 06.00,06.00,330,nl.appyhapps.healthsync
2024.11.29 06.15,06.15,9,nl.appyhapps.healthsync
2024.11.29 06.45,06.45,123,nl.appyhapps.healthsync
2024.11.29 07.00,07.00,32,nl.appyhapps.healthsync
2024.11.29 07.15,07.15,77,nl.appyhapps.healthsync
2024.11.29 07.30,07.30,41,nl.appyhapps.healthsync
2024.11.29 08.00,08.00,148,nl.appyhapps.healthsync
2024.11.29 08.15,08.15,80,nl.appyhapps.healthsync
2024.11.29 08.30,08.30,11,nl.appyhapps.healthsync
2024.11.29 09.00,09.00,226,nl.appyhapps.healthsync
2024.11.29 09.15,09.15,229,nl.appyhapps.healthsync
2024.11.29 09.30,09.30,131,nl.appyhapps.healthsync
2024.11.29 09.45,09.45,9,nl.appyhapps.healthsync
2024.11.29 10.00,10.00,623,nl.appyhapps.healthsync
2024.11.29 10.15,10.15,270,nl.appyhapps.healthsync
2024.11.29 10.30,10.30,234,nl.appyhapps.healthsync
2024.11.29 10.45,10.45,201,nl.appyhapps.healthsync
2024.11.29 11.00,11.00,637,nl.appyhapps.healthsync
2024.11.29 11.15,11.15,310,nl.appyhapps.healthsync
2024.11.29 11.30,11.30,254,nl.appyhapps.healthsync
2024.11.29 12.00,12.00,161,nl.appyhapps.healthsync
2024.11.29 12.15,12.15,89,nl.appyhapps.healthsync
2024.11.29 12.30,12.30,164,nl.appyhapps.healthsync
2024.11.29 12.45,12.45,185,nl.appyhapps.healthsync
2024.11.29 13.00,13.00,97,nl.appyhapps.healthsync
2024.11.29 13.15,13.15,109,nl.appyhapps.healthsync
2024.11.29 13.30,13.30,210,nl.appyhapps.healthsync
2024.11.29 13.45,13.45,243,nl.appyhapps.healthsync
2024.11.29 14.00,14.00,213,nl.appyhapps.healthsync
2024.11.29 14.15,14.15,69,nl.appyhapps.healthsync
2024.11.29 14.30,14.30,59,nl.appyhapps.healthsync
2024.11.29 14.45,14.45,329,nl.appyhapps.healthsync
2024.11.29 15.00,15.00,454,nl.appyhapps.healthsync
2024.11.29 15.15,15.15,864,nl.appyhapps.healthsync
2024.11.29 15.30,15.30,1062,nl.appyhapps.healthsync
2024.11.29 15.45,15.45,706,nl.appyhapps.healthsync
2024.11.29 16.00,16.00,637,nl.appyhapps.healthsync
2024.11.29 16.15,16.15,667,nl.appyhapps.healthsync
2024.11.29 16.30,16.30,814,nl.appyhapps.healthsync
2024.11.29 16.45,16.45,274,nl.appyhapps.healthsync
2024.11.29 17.00,17.00,82,nl.appyhapps.healthsync
2024.11.29 17.15,17.15,85,nl.appyhapps.healthsync
2024.11.29 17.30,17.30,72,nl.appyhapps.healthsync
2024.11.29 17.45,17.45,36,nl.appyhapps.healthsync
2024.11.29 18.00,18.00,64,nl.appyhapps.healthsync
2024.11.29 20.00,20.00,129,nl.appyhapps.healthsync
2024.11.29 20.30,20.30,43,nl.appyhapps.healthsync
2024.11.29 20.45,20.45,66,nl.appyhapps.healthsync
2024.11.29 21.00,21.00,35,nl.appyhapps.healthsync
2024.11.29 21.15,21.15,26,nl.appyhapps.healthsync
2024.11.29 21.45,21.45,154,nl.appyhapps.healthsync
2024.11.29 22.00,22.00,6,nl.appyhapps.healthsync
2024.11.29 22.30,22.30,91,nl.appyhapps.healthsync
2024.11.29 22.45,22.45,110,nl.appyhapps.healthsync
2024.11.30 03.00,03.00,15,nl.appyhapps.healthsync
2024.11.30 08.00,08.00,9,nl.appyhapps.healthsync
2024.11.30 08.30,08.30,114,nl.appyhapps.healthsync
2024.11.30 08.45,08.45,201,nl.appyhapps.healthsync
2024.11.30 09.00,09.00,178,nl.appyhapps.healthsync
2024.11.30 09.30,09.30,30,nl.appyhapps.healthsync
2024.11.30 09.45,09.45,6,nl.appyhapps.healthsync
2024.11.30 10.15,10.15,144,nl.appyhapps.healthsync
2024.11.30 10.30,10.30,560,nl.appyhapps.healthsync
2024.11.30 10.45,10.45,753,nl.appyhapps.healthsync
2024.11.30 11.00,11.00,1415,nl.appyhapps.healthsync
2024.11.30 11.15,11.15,1643,nl.appyhapps.healthsync
2024.11.30 11.30,11.30,1653,nl.appyhapps.healthsync
2024.11.30 11.45,11.45,750,nl.appyhapps.healthsync
2024.11.30 12.00,12.00,576,nl.appyhapps.healthsync
2024.11.30 12.15,12.15,941,nl.appyhapps.healthsync
2024.11.30 12.30,12.30,966,nl.appyhapps.healthsync
2024.11.30 12.45,12.45,876,nl.appyhapps.healthsync
2024.11.30 13.00,13.00,979,nl.appyhapps.healthsync
2024.11.30 13.15,13.15,762,nl.appyhapps.healthsync
2024.11.30 13.30,13.30,838,nl.appyhapps.healthsync
2024.11.30 13.45,13.45,1159,nl.appyhapps.healthsync
2024.11.30 14.00,14.00,820,nl.appyhapps.healthsync
2024.11.30 14.15,14.15,547,nl.appyhapps.healthsync
2024.11.30 14.30,14.30,845,nl.appyhapps.healthsync
2024.11.30 14.45,14.45,957,nl.appyhapps.healthsync
2024.11.30 15.00,15.00,409,nl.appyhapps.healthsync
2024.11.30 15.15,15.15,226,nl.appyhapps.healthsync
2024.11.30 15.30,15.30,150,nl.appyhapps.healthsync
2024.11.30 15.45,15.45,167,nl.appyhapps.healthsync
2024.11.30 16.00,16.00,94,nl.appyhapps.healthsync
2024.11.30 16.15,16.15,58,nl.appyhapps.healthsync
2024.11.30 16.30,16.30,72,nl.appyhapps.healthsync
2024.11.30 17.00,17.00,143,nl.appyhapps.healthsync
2024.11.30 17.15,17.15,238,nl.appyhapps.healthsync
2024.11.30 17.30,17.30,178,nl.appyhapps.healthsync
2024.11.30 17.45,17.45,18,nl.appyhapps.healthsync
2024.11.30 18.00,18.00,189,nl.appyhapps.healthsync
2024.11.30 18.15,18.15,144,nl.appyhapps.healthsync
2024.11.30 18.30,18.30,193,nl.appyhapps.healthsync
2024.11.30 18.45,18.45,189,nl.appyhapps.healthsync
2024.11.30 19.00,19.00,194,nl.appyhapps.healthsync
2024.11.30 19.15,19.15,57,nl.appyhapps.healthsync
2024.11.30 19.30,19.30,80,nl.appyhapps.healthsync
2024.11.30 19.45,19.45,152,nl.appyhapps.healthsync
2024.11.30 20.00,20.00,21,nl.appyhapps.healthsync
2024.11.30 20.15,20.15,34,nl.appyhapps.healthsync
2024.11.30 20.30,20.30,202,nl.appyhapps.healthsync
2024.11.30 20.45,20.45,191,nl.appyhapps.healthsync
2024.11.30 21.15,21.15,39,nl.appyhapps.healthsync
2024.11.30 21.30,21.30,60,nl.appyhapps.healthsync
2024.11.30 21.45,21.45,57,nl.appyhapps.healthsync
2024.11.30 22.00,22.00,37,nl.appyhapps.healthsync
2024.11.30 22.15,22.15,42,nl.appyhapps.healthsync
2024.11.30 22.30,22.30,46,nl.appyhapps.healthsync
2024.11.30 22.45,22.45,139,nl.appyhapps.healthsync
2024.11.30 23.00,23.00,189,nl.appyhapps.healthsync
2024.11.30 23.15,23.15,11,nl.appyhapps.healthsync
2024.11.30 23.30,23.30,75,nl.appyhapps.healthsync
2024.12.01 01.45,01.45,7,nl.appyhapps.healthsync
2024.12.01 02.30,02.30,7,nl.appyhapps.healthsync
2024.12.01 02.45,02.45,6,nl.appyhapps.healthsync
2024.12.01 04.30,04.30,17,nl.appyhapps.healthsync
2024.12.01 08.30,08.30,42,nl.appyhapps.healthsync
2024.12.01 08.45,08.45,295,nl.appyhapps.healthsync
2024.12.01 09.00,09.00,183,nl.appyhapps.healthsync
2024.12.01 09.15,09.15,27,nl.appyhapps.healthsync
2024.12.01 09.30,09.30,247,nl.appyhapps.healthsync
2024.12.01 09.45,09.45,221,nl.appyhapps.healthsync
2024.12.01 10.00,10.00,227,nl.appyhapps.healthsync
2024.12.01 10.15,10.15,227,nl.appyhapps.healthsync
2024.12.01 10.30,10.30,69,nl.appyhapps.healthsync
2024.12.01 10.45,10.45,271,nl.appyhapps.healthsync
2024.12.01 11.00,11.00,578,nl.appyhapps.healthsync
2024.12.01 11.15,11.15,899,nl.appyhapps.healthsync
2024.12.01 11.30,11.30,992,nl.appyhapps.healthsync
2024.12.01 11.45,11.45,1035,nl.appyhapps.healthsync
2024.12.01 12.00,12.00,963,nl.appyhapps.healthsync
2024.12.01 12.15,12.15,448,nl.appyhapps.healthsync
2024.12.01 12.30,12.30,79,nl.appyhapps.healthsync
2024.12.01 12.45,12.45,583,nl.appyhapps.healthsync
2024.12.01 13.00,13.00,740,nl.appyhapps.healthsync
2024.12.01 13.15,13.15,32,nl.appyhapps.healthsync
2024.12.01 13.45,13.45,32,nl.appyhapps.healthsync
2024.12.01 14.00,14.00,512,nl.appyhapps.healthsync
2024.12.01 14.15,14.15,793,nl.appyhapps.healthsync
2024.12.01 14.30,14.30,65,nl.appyhapps.healthsync
2024.12.01 14.45,14.45,91,nl.appyhapps.healthsync
2024.12.01 15.15,15.15,100,nl.appyhapps.healthsync
2024.12.01 15.30,15.30,128,nl.appyhapps.healthsync
2024.12.01 15.45,15.45,202,nl.appyhapps.healthsync
2024.12.01 16.00,16.00,114,nl.appyhapps.healthsync
2024.12.01 16.15,16.15,39,nl.appyhapps.healthsync
2024.12.01 16.30,16.30,248,nl.appyhapps.healthsync
2024.12.01 16.45,16.45,69,nl.appyhapps.healthsync
2024.12.01 17.00,17.00,44,nl.appyhapps.healthsync
2024.12.01 17.15,17.15,30,nl.appyhapps.healthsync
2024.12.01 17.30,17.30,128,nl.appyhapps.healthsync
2024.12.01 17.45,17.45,25,nl.appyhapps.healthsync
2024.12.01 18.00,18.00,411,nl.appyhapps.healthsync
2024.12.01 18.15,18.15,296,nl.appyhapps.healthsync
2024.12.01 18.30,18.30,138,nl.appyhapps.healthsync
2024.12.01 18.45,18.45,127,nl.appyhapps.healthsync
2024.12.01 19.00,19.00,9,nl.appyhapps.healthsync
2024.12.01 19.30,19.30,75,nl.appyhapps.healthsync
2024.12.01 19.45,19.45,166,nl.appyhapps.healthsync
2024.12.01 20.00,20.00,229,nl.appyhapps.healthsync
2024.12.01 20.15,20.15,33,nl.appyhapps.healthsync
2024.12.01 20.30,20.30,64,nl.appyhapps.healthsync
2024.12.01 20.45,20.45,72,nl.appyhapps.healthsync
2024.12.01 21.00,21.00,34,nl.appyhapps.healthsync
2024.12.01 21.30,21.30,188,nl.appyhapps.healthsync
2024.12.01 22.00,22.00,27,nl.appyhapps.healthsync
2024.12.02 02.00,02.00,11,nl.appyhapps.healthsync
2024.12.02 03.45,03.45,7,nl.appyhapps.healthsync
2024.12.02 06.45,06.45,23,nl.appyhapps.healthsync
2024.12.02 08.00,08.00,42,nl.appyhapps.healthsync
2024.12.02 08.15,08.15,78,nl.appyhapps.healthsync
2024.12.02 08.30,08.30,109,nl.appyhapps.healthsync
2024.12.02 08.45,08.45,362,nl.appyhapps.healthsync
2024.12.02 09.00,09.00,2291,nl.appyhapps.healthsync
2024.12.02 09.15,09.15,2307,nl.appyhapps.healthsync
2024.12.02 09.30,09.30,2304,nl.appyhapps.healthsync
2024.12.02 09.45,09.45,569,nl.appyhapps.healthsync
2024.12.02 10.00,10.00,30,nl.appyhapps.healthsync
2024.12.02 10.15,10.15,100,nl.appyhapps.healthsync
2024.12.02 10.30,10.30,81,nl.appyhapps.healthsync
2024.12.02 10.45,10.45,32,nl.appyhapps.healthsync
2024.12.02 11.00,11.00,69,nl.appyhapps.healthsync
2024.12.02 11.30,11.30,347,nl.appyhapps.healthsync
2024.12.02 11.45,11.45,123,nl.appyhapps.healthsync
2024.12.02 12.00,12.00,228,nl.appyhapps.healthsync
2024.12.02 12.30,12.30,158,nl.appyhapps.healthsync
2024.12.02 12.45,12.45,162,nl.appyhapps.healthsync
2024.12.02 13.00,13.00,49,nl.appyhapps.healthsync
2024.12.02 13.15,13.15,233,nl.appyhapps.healthsync
2024.12.02 13.30,13.30,36,nl.appyhapps.healthsync
2024.12.02 15.15,15.15,11,nl.appyhapps.healthsync
2024.12.02 15.30,15.30,6,nl.appyhapps.healthsync
2024.12.02 15.45,15.45,86,nl.appyhapps.healthsync
2024.12.02 16.00,16.00,311,nl.appyhapps.healthsync
2024.12.02 16.15,16.15,329,nl.appyhapps.healthsync
2024.12.02 16.30,16.30,293,nl.appyhapps.healthsync
2024.12.02 16.45,16.45,135,nl.appyhapps.healthsync
2024.12.02 17.00,17.00,58,nl.appyhapps.healthsync
2024.12.02 17.15,17.15,125,nl.appyhapps.healthsync
2024.12.02 17.30,17.30,166,nl.appyhapps.healthsync
2024.12.02 17.45,17.45,110,nl.appyhapps.healthsync
2024.12.02 18.00,18.00,28,nl.appyhapps.healthsync
2024.12.02 18.15,18.15,44,nl.appyhapps.healthsync
2024.12.02 18.30,18.30,25,nl.appyhapps.healthsync
2024.12.02 18.45,18.45,10,nl.appyhapps.healthsync
2024.12.02 19.00,19.00,51,nl.appyhapps.healthsync
2024.12.02 19.45,19.45,178,nl.appyhapps.healthsync
2024.12.02 20.00,20.00,9,nl.appyhapps.healthsync
2024.12.02 20.15,20.15,43,nl.appyhapps.healthsync
2024.12.02 20.30,20.30,297,nl.appyhapps.healthsync
2024.12.03 05.15,05.15,11,nl.appyhapps.healthsync
2024.12.03 05.30,05.30,102,nl.appyhapps.healthsync
2024.12.03 06.00,06.00,44,nl.appyhapps.healthsync
2024.12.03 06.15,06.15,97,nl.appyhapps.healthsync
2024.12.03 06.30,06.30,260,nl.appyhapps.healthsync
2024.12.03 06.45,06.45,443,nl.appyhapps.healthsync
2024.12.03 07.00,07.00,107,nl.appyhapps.healthsync
2024.12.03 07.15,07.15,167,nl.appyhapps.healthsync
2024.12.03 07.30,07.30,11,nl.appyhapps.healthsync
2024.12.03 07.45,07.45,378,nl.appyhapps.healthsync
2024.12.03 08.00,08.00,392,nl.appyhapps.healthsync
2024.12.03 08.15,08.15,418,nl.appyhapps.healthsync
2024.12.03 08.30,08.30,292,nl.appyhapps.healthsync
2024.12.03 08.45,08.45,192,nl.appyhapps.healthsync
2024.12.03 09.00,09.00,288,nl.appyhapps.healthsync
2024.12.03 10.00,10.00,454,nl.appyhapps.healthsync
2024.12.03 10.15,10.15,229,nl.appyhapps.healthsync
2024.12.03 10.45,10.45,11,nl.appyhapps.healthsync
2024.12.03 11.45,11.45,215,nl.appyhapps.healthsync
2024.12.03 12.00,12.00,53,nl.appyhapps.healthsync
2024.12.03 12.15,12.15,116,nl.appyhapps.healthsync
2024.12.03 12.30,12.30,83,nl.appyhapps.healthsync
2024.12.03 12.45,12.45,21,nl.appyhapps.healthsync
2024.12.03 13.00,13.00,562,nl.appyhapps.healthsync
2024.12.03 13.15,13.15,803,nl.appyhapps.healthsync
2024.12.03 13.30,13.30,277,nl.appyhapps.healthsync
2024.12.03 13.45,13.45,331,nl.appyhapps.healthsync
2024.12.03 14.00,14.00,362,nl.appyhapps.healthsync
2024.12.03 14.15,14.15,225,nl.appyhapps.healthsync
2024.12.03 14.30,14.30,136,nl.appyhapps.healthsync
2024.12.03 15.00,15.00,14,nl.appyhapps.healthsync
2024.12.03 16.15,16.15,256,nl.appyhapps.healthsync
2024.12.03 16.30,16.30,273,nl.appyhapps.healthsync
2024.12.03 16.45,16.45,15,nl.appyhapps.healthsync
2024.12.03 17.00,17.00,304,nl.appyhapps.healthsync
2024.12.03 17.15,17.15,17,nl.appyhapps.healthsync
2024.12.03 17.30,17.30,8,nl.appyhapps.healthsync
2024.12.03 18.00,18.00,173,nl.appyhapps.healthsync
2024.12.03 18.15,18.15,305,nl.appyhapps.healthsync
2024.12.03 18.30,18.30,329,nl.appyhapps.healthsync
2024.12.03 18.45,18.45,30,nl.appyhapps.healthsync
2024.12.03 19.00,19.00,53,nl.appyhapps.healthsync
2024.12.03 19.15,19.15,260,nl.appyhapps.healthsync
2024.12.03 19.30,19.30,33,nl.appyhapps.healthsync
2024.12.03 19.45,19.45,153,nl.appyhapps.healthsync
2024.12.03 20.15,20.15,89,nl.appyhapps.healthsync
2024.12.03 20.30,20.30,183,nl.appyhapps.healthsync
2024.12.03 20.45,20.45,15,nl.appyhapps.healthsync
2024.12.03 21.00,21.00,23,nl.appyhapps.healthsync
2024.12.04 05.15,05.15,126,nl.appyhapps.healthsync
2024.12.04 05.30,05.30,125,nl.appyhapps.healthsync
2024.12.04 05.45,05.45,29,nl.appyhapps.healthsync
2024.12.04 06.00,06.00,32,nl.appyhapps.healthsync
2024.12.04 06.15,06.15,15,nl.appyhapps.healthsync
2024.12.04 06.45,06.45,860,nl.appyhapps.healthsync
2024.12.04 07.00,07.00,2295,nl.appyhapps.healthsync
2024.12.04 07.15,07.15,2014,nl.appyhapps.healthsync
2024.12.04 07.30,07.30,1611,nl.appyhapps.healthsync
2024.12.04 07.45,07.45,11,nl.appyhapps.healthsync
2024.12.04 08.00,08.00,47,nl.appyhapps.healthsync
2024.12.04 08.15,08.15,66,nl.appyhapps.healthsync
2024.12.04 08.45,08.45,54,nl.appyhapps.healthsync
2024.12.04 09.00,09.00,24,nl.appyhapps.healthsync
2024.12.04 09.30,09.30,9,nl.appyhapps.healthsync
2024.12.04 09.45,09.45,13,nl.appyhapps.healthsync
2024.12.04 11.00,11.00,12,nl.appyhapps.healthsync
2024.12.04 11.15,11.15,53,nl.appyhapps.healthsync
2024.12.04 11.30,11.30,237,nl.appyhapps.healthsync
2024.12.04 11.45,11.45,23,nl.appyhapps.healthsync
2024.12.04 12.45,12.45,47,nl.appyhapps.healthsync
2024.12.04 13.00,13.00,297,nl.appyhapps.healthsync
2024.12.04 14.00,14.00,15,nl.appyhapps.healthsync
2024.12.04 14.15,14.15,15,nl.appyhapps.healthsync
2024.12.04 14.30,14.30,59,nl.appyhapps.healthsync
2024.12.04 15.30,15.30,49,nl.appyhapps.healthsync
2024.12.04 15.45,15.45,9,nl.appyhapps.healthsync
2024.12.04 16.15,16.15,300,nl.appyhapps.healthsync
2024.12.04 16.30,16.30,361,nl.appyhapps.healthsync
2024.12.04 16.45,16.45,245,nl.appyhapps.healthsync
2024.12.04 17.00,17.00,235,nl.appyhapps.healthsync
2024.12.04 17.15,17.15,393,nl.appyhapps.healthsync
2024.12.04 17.30,17.30,102,nl.appyhapps.healthsync
2024.12.04 17.45,17.45,147,nl.appyhapps.healthsync
2024.12.04 18.15,18.15,50,nl.appyhapps.healthsync
2024.12.04 18.30,18.30,79,nl.appyhapps.healthsync
2024.12.04 18.45,18.45,14,nl.appyhapps.healthsync
2024.12.04 19.30,19.30,69,nl.appyhapps.healthsync
2024.12.04 19.45,19.45,47,nl.appyhapps.healthsync
2024.12.04 20.00,20.00,13,nl.appyhapps.healthsync
2024.12.04 20.15,20.15,82,nl.appyhapps.healthsync
2024.12.04 20.30,20.30,337,nl.appyhapps.healthsync
2024.12.04 20.45,20.45,384,nl.appyhapps.healthsync
2024.12.04 21.00,21.00,177,nl.appyhapps.healthsync
2024.12.04 21.15,21.15,11,nl.appyhapps.healthsync
2024.12.04 21.30,21.30,165,nl.appyhapps.healthsync
2024.12.04 21.45,21.45,24,nl.appyhapps.healthsync
2024.12.04 22.00,22.00,148,nl.appyhapps.healthsync
2024.12.05 06.30,06.30,8,nl.appyhapps.healthsync
2024.12.05 07.15,07.15,24,nl.appyhapps.healthsync
2024.12.05 07.30,07.30,84,nl.appyhapps.healthsync
2024.12.05 07.45,07.45,50,nl.appyhapps.healthsync
2024.12.05 08.00,08.00,263,nl.appyhapps.healthsync
2024.12.05 08.15,08.15,363,nl.appyhapps.healthsync
2024.12.05 08.30,08.30,106,nl.appyhapps.healthsync
2024.12.05 08.45,08.45,139,nl.appyhapps.healthsync
2024.12.05 09.00,09.00,100,nl.appyhapps.healthsync
2024.12.05 09.15,09.15,70,nl.appyhapps.healthsync
2024.12.05 09.45,09.45,31,nl.appyhapps.healthsync
2024.12.05 10.00,10.00,132,nl.appyhapps.healthsync
2024.12.05 10.15,10.15,113,nl.appyhapps.healthsync
2024.12.05 10.45,10.45,92,nl.appyhapps.healthsync
2024.12.05 11.00,11.00,374,nl.appyhapps.healthsync
2024.12.05 11.15,11.15,114,nl.appyhapps.healthsync
2024.12.05 11.30,11.30,279,nl.appyhapps.healthsync
2024.12.05 11.45,11.45,92,nl.appyhapps.healthsync
2024.12.05 12.00,12.00,172,nl.appyhapps.healthsync
2024.12.05 12.15,12.15,87,nl.appyhapps.healthsync
2024.12.05 12.30,12.30,17,nl.appyhapps.healthsync
2024.12.05 12.45,12.45,46,nl.appyhapps.healthsync
2024.12.05 13.00,13.00,19,nl.appyhapps.healthsync
2024.12.05 13.15,13.15,124,nl.appyhapps.healthsync
2024.12.05 13.30,13.30,145,nl.appyhapps.healthsync
2024.12.05 14.30,14.30,44,nl.appyhapps.healthsync
2024.12.05 14.45,14.45,159,nl.appyhapps.healthsync
2024.12.05 15.00,15.00,90,nl.appyhapps.healthsync
2024.12.05 15.15,15.15,97,nl.appyhapps.healthsync
2024.12.05 15.30,15.30,11,nl.appyhapps.healthsync
2024.12.05 15.45,15.45,36,nl.appyhapps.healthsync
2024.12.05 16.00,16.00,54,nl.appyhapps.healthsync
2024.12.05 16.15,16.15,41,nl.appyhapps.healthsync
2024.12.05 16.30,16.30,281,nl.appyhapps.healthsync
2024.12.05 16.45,16.45,310,nl.appyhapps.healthsync
2024.12.05 17.00,17.00,234,nl.appyhapps.healthsync
2024.12.05 17.15,17.15,205,nl.appyhapps.healthsync
2024.12.05 17.30,17.30,1168,nl.appyhapps.healthsync
2024.12.05 17.45,17.45,1642,nl.appyhapps.healthsync
2024.12.05 18.00,18.00,1627,nl.appyhapps.healthsync
2024.12.05 18.15,18.15,1631,nl.appyhapps.healthsync
2024.12.05 18.30,18.30,499,nl.appyhapps.healthsync
2024.12.05 18.45,18.45,102,nl.appyhapps.healthsync
2024.12.05 19.00,19.00,42,nl.appyhapps.healthsync
2024.12.05 19.15,19.15,139,nl.appyhapps.healthsync
2024.12.05 19.45,19.45,153,nl.appyhapps.healthsync
2024.12.05 20.00,20.00,478,nl.appyhapps.healthsync
2024.12.05 20.15,20.15,7,nl.appyhapps.healthsync
2024.12.05 21.45,21.45,94,nl.appyhapps.healthsync
2024.12.05 22.00,22.00,167,nl.appyhapps.healthsync
2024.12.05 22.15,22.15,7,nl.appyhapps.healthsync
2024.12.06 01.15,01.15,7,nl.appyhapps.healthsync
2024.12.06 06.15,06.15,38,nl.appyhapps.healthsync
2024.12.06 06.30,06.30,110,nl.appyhapps.healthsync
2024.12.06 07.00,07.00,156,nl.appyhapps.healthsync
2024.12.06 07.15,07.15,1488,nl.appyhapps.healthsync
2024.12.06 07.30,07.30,2247,nl.appyhapps.healthsync
2024.12.06 07.45,07.45,2239,nl.appyhapps.healthsync
2024.12.06 08.00,08.00,484,nl.appyhapps.healthsync
2024.12.06 08.15,08.15,109,nl.appyhapps.healthsync
2024.12.06 08.30,08.30,33,nl.appyhapps.healthsync
2024.12.06 08.45,08.45,41,nl.appyhapps.healthsync
2024.12.06 09.00,09.00,47,nl.appyhapps.healthsync
2024.12.06 09.15,09.15,167,nl.appyhapps.healthsync
2024.12.06 09.30,09.30,29,nl.appyhapps.healthsync
2024.12.06 09.45,09.45,60,nl.appyhapps.healthsync
2024.12.06 10.00,10.00,143,nl.appyhapps.healthsync
2024.12.06 10.15,10.15,57,nl.appyhapps.healthsync
2024.12.06 10.30,10.30,11,nl.appyhapps.healthsync
2024.12.06 10.45,10.45,16,nl.appyhapps.healthsync
2024.12.06 11.15,11.15,223,nl.appyhapps.healthsync
2024.12.06 11.30,11.30,29,nl.appyhapps.healthsync
2024.12.06 11.45,11.45,306,nl.appyhapps.healthsync
2024.12.06 12.00,12.00,27,nl.appyhapps.healthsync
2024.12.06 12.15,12.15,167,nl.appyhapps.healthsync
2024.12.06 12.30,12.30,177,nl.appyhapps.healthsync
2024.12.06 12.45,12.45,31,nl.appyhapps.healthsync
2024.12.06 13.00,13.00,33,nl.appyhapps.healthsync
2024.12.06 13.15,13.15,81,nl.appyhapps.healthsync
2024.12.06 13.45,13.45,386,nl.appyhapps.healthsync
2024.12.06 14.00,14.00,136,nl.appyhapps.healthsync
2024.12.06 14.15,14.15,167,nl.appyhapps.healthsync
2024.12.06 14.30,14.30,351,nl.appyhapps.healthsync
2024.12.06 14.45,14.45,118,nl.appyhapps.healthsync
2024.12.06 15.00,15.00,357,nl.appyhapps.healthsync
2024.12.06 15.30,15.30,166,nl.appyhapps.healthsync
2024.12.06 15.45,15.45,369,nl.appyhapps.healthsync
2024.12.06 16.00,16.00,256,nl.appyhapps.healthsync
2024.12.06 16.15,16.15,215,nl.appyhapps.healthsync
2024.12.06 16.30,16.30,286,nl.appyhapps.healthsync
2024.12.06 16.45,16.45,129,nl.appyhapps.healthsync
2024.12.06 17.00,17.00,17,nl.appyhapps.healthsync
2024.12.06 17.15,17.15,233,nl.appyhapps.healthsync
2024.12.06 17.30,17.30,107,nl.appyhapps.healthsync
2024.12.06 18.00,18.00,232,nl.appyhapps.healthsync
2024.12.06 18.15,18.15,224,nl.appyhapps.healthsync
2024.12.06 18.30,18.30,127,nl.appyhapps.healthsync
2024.12.06 18.45,18.45,86,nl.appyhapps.healthsync
2024.12.06 19.00,19.00,16,nl.appyhapps.healthsync
2024.12.06 19.30,19.30,108,nl.appyhapps.healthsync
2024.12.06 20.00,20.00,36,nl.appyhapps.healthsync
2024.12.06 20.15,20.15,144,nl.appyhapps.healthsync
2024.12.06 20.30,20.30,90,nl.appyhapps.healthsync
2024.12.06 20.45,20.45,19,nl.appyhapps.healthsync
2024.12.07 00.15,00.15,7,nl.appyhapps.healthsync
2024.12.07 00.45,00.45,7,nl.appyhapps.healthsync
2024.12.07 05.15,05.15,47,nl.appyhapps.healthsync
2024.12.07 05.30,05.30,181,nl.appyhapps.healthsync
2024.12.07 06.45,06.45,32,nl.appyhapps.healthsync
2024.12.07 08.45,08.45,47,nl.appyhapps.healthsync
2024.12.07 09.15,09.15,56,nl.appyhapps.healthsync
2024.12.07 09.30,09.30,91,nl.appyhapps.healthsync
2024.12.07 10.30,10.30,89,nl.appyhapps.healthsync
2024.12.07 10.45,10.45,207,nl.appyhapps.healthsync
2024.12.07 11.00,11.00,126,nl.appyhapps.healthsync
2024.12.07 11.15,11.15,343,nl.appyhapps.healthsync
2024.12.07 11.30,11.30,298,nl.appyhapps.healthsync
2024.12.07 11.45,11.45,343,nl.appyhapps.healthsync
2024.12.07 12.00,12.00,214,nl.appyhapps.healthsync
2024.12.07 12.15,12.15,293,nl.appyhapps.healthsync
2024.12.07 13.00,13.00,158,nl.appyhapps.healthsync
2024.12.07 13.15,13.15,84,nl.appyhapps.healthsync
2024.12.07 13.30,13.30,58,nl.appyhapps.healthsync
2024.12.07 13.45,13.45,157,nl.appyhapps.healthsync
2024.12.07 14.00,14.00,13,nl.appyhapps.healthsync
2024.12.07 14.15,14.15,69,nl.appyhapps.healthsync
2024.12.07 14.30,14.30,39,nl.appyhapps.healthsync
2024.12.07 14.45,14.45,55,nl.appyhapps.healthsync
2024.12.07 15.00,15.00,230,nl.appyhapps.healthsync
2024.12.07 15.45,15.45,31,nl.appyhapps.healthsync
2024.12.07 17.00,17.00,27,nl.appyhapps.healthsync
2024.12.07 18.15,18.15,26,nl.appyhapps.healthsync
2024.12.07 18.45,18.45,32,nl.appyhapps.healthsync
2024.12.07 19.00,19.00,231,nl.appyhapps.healthsync
2024.12.07 19.15,19.15,77,nl.appyhapps.healthsync
2024.12.07 19.45,19.45,45,nl.appyhapps.healthsync
2024.12.07 20.00,20.00,83,nl.appyhapps.healthsync
2024.12.07 20.30,20.30,117,nl.appyhapps.healthsync
2024.12.07 21.30,21.30,10,nl.appyhapps.healthsync
2024.12.07 22.00,22.00,9,nl.appyhapps.healthsync
2024.12.07 22.15,22.15,24,nl.appyhapps.healthsync
2024.12.07 22.30,22.30,31,nl.appyhapps.healthsync
2024.12.07 22.45,22.45,90,nl.appyhapps.healthsync
2024.12.07 23.00,23.00,68,nl.appyhapps.healthsync
2024.12.08 08.30,08.30,119,nl.appyhapps.healthsync
2024.12.08 08.45,08.45,45,nl.appyhapps.healthsync
2024.12.08 09.30,09.30,98,nl.appyhapps.healthsync
2024.12.08 09.45,09.45,1030,nl.appyhapps.healthsync
2024.12.08 10.00,10.00,2164,nl.appyhapps.healthsync
2024.12.08 10.15,10.15,2263,nl.appyhapps.healthsync
2024.12.08 10.30,10.30,2078,nl.appyhapps.healthsync
2024.12.08 10.45,10.45,286,nl.appyhapps.healthsync
2024.12.08 11.15,11.15,128,nl.appyhapps.healthsync
2024.12.08 11.30,11.30,37,nl.appyhapps.healthsync
2024.12.08 11.45,11.45,40,nl.appyhapps.healthsync
2024.12.08 12.00,12.00,50,nl.appyhapps.healthsync
2024.12.08 12.15,12.15,169,nl.appyhapps.healthsync
2024.12.08 12.30,12.30,361,nl.appyhapps.healthsync
2024.12.08 12.45,12.45,161,nl.appyhapps.healthsync
2024.12.08 13.00,13.00,15,nl.appyhapps.healthsync
2024.12.08 14.30,14.30,36,nl.appyhapps.healthsync
2024.12.08 15.15,15.15,57,nl.appyhapps.healthsync
2024.12.08 15.45,15.45,228,nl.appyhapps.healthsync
2024.12.08 16.00,16.00,214,nl.appyhapps.healthsync
2024.12.08 16.15,16.15,158,nl.appyhapps.healthsync
2024.12.08 16.30,16.30,309,nl.appyhapps.healthsync
2024.12.08 16.45,16.45,220,nl.appyhapps.healthsync
2024.12.08 17.00,17.00,222,nl.appyhapps.healthsync
2024.12.08 17.15,17.15,242,nl.appyhapps.healthsync
2024.12.08 17.30,17.30,235,nl.appyhapps.healthsync
2024.12.08 17.45,17.45,184,nl.appyhapps.healthsync
2024.12.08 18.00,18.00,190,nl.appyhapps.healthsync
2024.12.08 18.15,18.15,214,nl.appyhapps.healthsync
2024.12.08 18.30,18.30,52,nl.appyhapps.healthsync
2024.12.08 18.45,18.45,100,nl.appyhapps.healthsync
2024.12.08 19.00,19.00,195,nl.appyhapps.healthsync
2024.12.08 19.15,19.15,123,nl.appyhapps.healthsync
2024.12.08 19.30,19.30,41,nl.appyhapps.healthsync
2024.12.08 19.45,19.45,10,nl.appyhapps.healthsync
2024.12.08 20.00,20.00,19,nl.appyhapps.healthsync
2024.12.08 20.15,20.15,21,nl.appyhapps.healthsync
2024.12.08 20.30,20.30,17,nl.appyhapps.healthsync
2024.12.08 20.45,20.45,114,nl.appyhapps.healthsync
2024.12.08 23.30,23.30,17,nl.appyhapps.healthsync
2024.12.09 05.15,05.15,10,nl.appyhapps.healthsync
2024.12.09 05.30,05.30,74,nl.appyhapps.healthsync
2024.12.09 05.45,05.45,46,nl.appyhapps.healthsync
2024.12.09 06.00,06.00,131,nl.appyhapps.healthsync
2024.12.09 06.15,06.15,115,nl.appyhapps.healthsync
2024.12.09 06.45,06.45,27,nl.appyhapps.healthsync
2024.12.09 07.00,07.00,44,nl.appyhapps.healthsync
2024.12.09 07.15,07.15,68,nl.appyhapps.healthsync
2024.12.09 07.45,07.45,18,nl.appyhapps.healthsync
2024.12.09 08.00,08.00,1070,nl.appyhapps.healthsync
2024.12.09 08.15,08.15,1895,nl.appyhapps.healthsync
2024.12.09 08.30,08.30,2254,nl.appyhapps.healthsync
2024.12.09 08.45,08.45,2239,nl.appyhapps.healthsync
2024.12.09 09.00,09.00,1856,nl.appyhapps.healthsync
2024.12.09 09.15,09.15,24,nl.appyhapps.healthsync
2024.12.10 04.00,04.00,13,nl.appyhapps.healthsync
2024.12.10 05.30,05.30,15,nl.appyhapps.healthsync
2024.12.10 06.15,06.15,22,nl.appyhapps.healthsync
2024.12.10 07.15,07.15,71,nl.appyhapps.healthsync
2024.12.10 07.30,07.30,11,nl.appyhapps.healthsync
2024.12.10 07.45,07.45,85,nl.appyhapps.healthsync
2024.12.10 08.00,08.00,17,nl.appyhapps.healthsync
2024.12.10 08.15,08.15,83,nl.appyhapps.healthsync
2024.12.10 08.30,08.30,15,nl.appyhapps.healthsync
2024.12.10 09.00,09.00,30,nl.appyhapps.healthsync
2024.12.10 09.30,09.30,136,nl.appyhapps.healthsync
2024.12.10 09.45,09.45,119,nl.appyhapps.healthsync
2024.12.10 10.00,10.00,297,nl.appyhapps.healthsync
2024.12.10 11.00,11.00,30,nl.appyhapps.healthsync
2024.12.10 11.15,11.15,29,nl.appyhapps.healthsync
2024.12.10 11.30,11.30,13,nl.appyhapps.healthsync
2024.12.10 11.45,11.45,176,nl.appyhapps.healthsync
2024.12.10 12.00,12.00,147,nl.appyhapps.healthsync
2024.12.10 12.15,12.15,33,nl.appyhapps.healthsync
2024.12.10 12.30,12.30,98,nl.appyhapps.healthsync
2024.12.10 12.45,12.45,116,nl.appyhapps.healthsync
2024.12.10 13.00,13.00,40,nl.appyhapps.healthsync
2024.12.10 13.15,13.15,110,nl.appyhapps.healthsync
2024.12.10 14.00,14.00,10,nl.appyhapps.healthsync
2024.12.10 15.00,15.00,25,nl.appyhapps.healthsync
2024.12.10 15.15,15.15,293,nl.appyhapps.healthsync
2024.12.10 15.30,15.30,183,nl.appyhapps.healthsync
2024.12.10 15.45,15.45,345,nl.appyhapps.healthsync
2024.12.10 16.00,16.00,290,nl.appyhapps.healthsync
2024.12.10 16.15,16.15,336,nl.appyhapps.healthsync
2024.12.10 16.30,16.30,27,nl.appyhapps.healthsync
2024.12.10 17.00,17.00,19,nl.appyhapps.healthsync
2024.12.10 17.15,17.15,425,nl.appyhapps.healthsync
2024.12.10 17.30,17.30,61,nl.appyhapps.healthsync
2024.12.10 17.45,17.45,54,nl.appyhapps.healthsync
2024.12.10 18.00,18.00,75,nl.appyhapps.healthsync
2024.12.10 18.15,18.15,81,nl.appyhapps.healthsync
2024.12.10 18.30,18.30,185,nl.appyhapps.healthsync
2024.12.10 18.45,18.45,21,nl.appyhapps.healthsync
2024.12.10 19.00,19.00,10,nl.appyhapps.healthsync
2024.12.10 19.15,19.15,161,nl.appyhapps.healthsync
2024.12.10 20.15,20.15,139,nl.appyhapps.healthsync
2024.12.10 20.30,20.30,139,nl.appyhapps.healthsync
2024.12.10 20.45,20.45,16,nl.appyhapps.healthsync
2024.12.10 21.15,21.15,32,nl.appyhapps.healthsync
2024.12.11 05.15,05.15,126,nl.appyhapps.healthsync
2024.12.11 05.30,05.30,83,nl.appyhapps.healthsync
2024.12.11 05.45,05.45,95,nl.appyhapps.healthsync
2024.12.11 06.00,06.00,74,nl.appyhapps.healthsync
2024.12.11 06.15,06.15,611,nl.appyhapps.healthsync
2024.12.11 06.30,06.30,441,nl.appyhapps.healthsync
2024.12.11 06.45,06.45,399,nl.appyhapps.healthsync
2024.12.11 07.15,07.15,238,nl.appyhapps.healthsync
2024.12.11 07.30,07.30,256,nl.appyhapps.healthsync
2024.12.11 07.45,07.45,14,nl.appyhapps.healthsync
2024.12.11 08.00,08.00,254,nl.appyhapps.healthsync
2024.12.11 08.15,08.15,313,nl.appyhapps.healthsync
2024.12.11 08.30,08.30,21,nl.appyhapps.healthsync
2024.12.11 08.45,08.45,112,nl.appyhapps.healthsync
2024.12.11 09.00,09.00,74,nl.appyhapps.healthsync
2024.12.11 09.15,09.15,40,nl.appyhapps.healthsync
2024.12.11 09.30,09.30,325,nl.appyhapps.healthsync
2024.12.11 09.45,09.45,99,nl.appyhapps.healthsync
2024.12.11 10.30,10.30,54,nl.appyhapps.healthsync
2024.12.11 10.45,10.45,99,nl.appyhapps.healthsync
2024.12.11 11.00,11.00,164,nl.appyhapps.healthsync
2024.12.11 11.15,11.15,98,nl.appyhapps.healthsync
2024.12.11 11.30,11.30,132,nl.appyhapps.healthsync
2024.12.11 12.00,12.00,168,nl.appyhapps.healthsync
2024.12.11 12.15,12.15,16,nl.appyhapps.healthsync
2024.12.11 12.30,12.30,9,nl.appyhapps.healthsync
2024.12.11 12.45,12.45,27,nl.appyhapps.healthsync
2024.12.11 13.00,13.00,93,nl.appyhapps.healthsync
2024.12.11 13.45,13.45,119,nl.appyhapps.healthsync
2024.12.11 14.00,14.00,101,nl.appyhapps.healthsync
2024.12.11 14.15,14.15,126,nl.appyhapps.healthsync
2024.12.11 15.00,15.00,13,nl.appyhapps.healthsync
2024.12.11 15.15,15.15,8,nl.appyhapps.healthsync
2024.12.11 15.30,15.30,67,nl.appyhapps.healthsync
2024.12.11 15.45,15.45,125,nl.appyhapps.healthsync
2024.12.11 16.00,16.00,120,nl.appyhapps.healthsync
2024.12.11 16.15,16.15,242,nl.appyhapps.healthsync
2024.12.11 16.30,16.30,1892,nl.appyhapps.healthsync
2024.12.11 16.45,16.45,2259,nl.appyhapps.healthsync
2024.12.11 17.00,17.00,2101,nl.appyhapps.healthsync
2024.12.11 17.15,17.15,1968,nl.appyhapps.healthsync
2024.12.11 17.30,17.30,813,nl.appyhapps.healthsync
2024.12.11 17.45,17.45,66,nl.appyhapps.healthsync
2024.12.11 18.00,18.00,26,nl.appyhapps.healthsync
2024.12.11 18.15,18.15,79,nl.appyhapps.healthsync
2024.12.11 18.30,18.30,108,nl.appyhapps.healthsync
2024.12.11 18.45,18.45,112,nl.appyhapps.healthsync
2024.12.11 19.00,19.00,119,nl.appyhapps.healthsync
2024.12.11 19.15,19.15,197,nl.appyhapps.healthsync
2024.12.11 19.30,19.30,169,nl.appyhapps.healthsync
2024.12.11 19.45,19.45,93,nl.appyhapps.healthsync
2024.12.11 20.00,20.00,26,nl.appyhapps.healthsync
2024.12.11 20.15,20.15,12,nl.appyhapps.healthsync
2024.12.11 20.30,20.30,85,nl.appyhapps.healthsync
2024.12.11 20.45,20.45,95,nl.appyhapps.healthsync
2024.12.11 21.45,21.45,7,nl.appyhapps.healthsync
2024.12.12 05.15,05.15,71,nl.appyhapps.healthsync
2024.12.12 05.30,05.30,239,nl.appyhapps.healthsync
2024.12.12 05.45,05.45,125,nl.appyhapps.healthsync
2024.12.12 06.00,06.00,133,nl.appyhapps.healthsync
2024.12.12 06.15,06.15,121,nl.appyhapps.healthsync
2024.12.12 06.45,06.45,67,nl.appyhapps.healthsync
2024.12.12 07.15,07.15,27,nl.appyhapps.healthsync
2024.12.12 07.30,07.30,136,nl.appyhapps.healthsync
2024.12.12 08.15,08.15,86,nl.appyhapps.healthsync
2024.12.12 08.30,08.30,43,nl.appyhapps.healthsync
2024.12.12 08.45,08.45,54,nl.appyhapps.healthsync
2024.12.12 09.00,09.00,33,nl.appyhapps.healthsync
2024.12.12 09.15,09.15,36,nl.appyhapps.healthsync
2024.12.12 10.45,10.45,55,nl.appyhapps.healthsync
2024.12.12 11.00,11.00,252,nl.appyhapps.healthsync
2024.12.12 11.15,11.15,27,nl.appyhapps.healthsync
2024.12.12 11.30,11.30,155,nl.appyhapps.healthsync
2024.12.12 11.45,11.45,50,nl.appyhapps.healthsync
2024.12.12 12.30,12.30,178,nl.appyhapps.healthsync
2024.12.12 12.45,12.45,81,nl.appyhapps.healthsync
2024.12.12 13.00,13.00,87,nl.appyhapps.healthsync
2024.12.12 13.45,13.45,12,nl.appyhapps.healthsync
2024.12.12 14.45,14.45,66,nl.appyhapps.healthsync
2024.12.12 15.00,15.00,52,nl.appyhapps.healthsync
2024.12.12 15.45,15.45,137,nl.appyhapps.healthsync
2024.12.12 16.30,16.30,142,nl.appyhapps.healthsync
2024.12.12 16.45,16.45,273,nl.appyhapps.healthsync
2024.12.12 17.00,17.00,225,nl.appyhapps.healthsync
2024.12.12 17.15,17.15,104,nl.appyhapps.healthsync
2024.12.12 17.30,17.30,201,nl.appyhapps.healthsync
2024.12.12 17.45,17.45,220,nl.appyhapps.healthsync
2024.12.12 18.00,18.00,86,nl.appyhapps.healthsync
2024.12.12 18.30,18.30,24,nl.appyhapps.healthsync
2024.12.12 18.45,18.45,13,nl.appyhapps.healthsync
2024.12.12 19.00,19.00,13,nl.appyhapps.healthsync
2024.12.12 19.15,19.15,18,nl.appyhapps.healthsync
2024.12.12 19.30,19.30,122,nl.appyhapps.healthsync
2024.12.12 19.45,19.45,44,nl.appyhapps.healthsync
2024.12.12 20.15,20.15,61,nl.appyhapps.healthsync
2024.12.12 21.15,21.15,98,nl.appyhapps.healthsync
2024.12.12 21.30,21.30,260,nl.appyhapps.healthsync
2024.12.12 21.45,21.45,9,nl.appyhapps.healthsync
2024.12.13 08.15,08.15,90,nl.appyhapps.healthsync
2024.12.13 08.30,08.30,55,nl.appyhapps.healthsync
2024.12.13 08.45,08.45,84,nl.appyhapps.healthsync
2024.12.13 09.00,09.00,92,nl.appyhapps.healthsync
2024.12.13 09.15,09.15,413,nl.appyhapps.healthsync
2024.12.13 09.30,09.30,2276,nl.appyhapps.healthsync
2024.12.13 09.45,09.45,2296,nl.appyhapps.healthsync
2024.12.13 10.00,10.00,1545,nl.appyhapps.healthsync
2024.12.13 10.15,10.15,40,nl.appyhapps.healthsync
2024.12.13 11.00,11.00,127,nl.appyhapps.healthsync
2024.12.13 11.15,11.15,113,nl.appyhapps.healthsync
2024.12.13 11.30,11.30,528,nl.appyhapps.healthsync
2024.12.13 11.45,11.45,141,nl.appyhapps.healthsync
2024.12.13 12.00,12.00,123,nl.appyhapps.healthsync
2024.12.13 12.15,12.15,218,nl.appyhapps.healthsync
2024.12.13 12.30,12.30,206,nl.appyhapps.healthsync
2024.12.13 12.45,12.45,215,nl.appyhapps.healthsync
2024.12.13 13.00,13.00,219,nl.appyhapps.healthsync
2024.12.13 13.15,13.15,98,nl.appyhapps.healthsync
2024.12.13 13.30,13.30,223,nl.appyhapps.healthsync
2024.12.13 13.45,13.45,192,nl.appyhapps.healthsync
2024.12.13 14.00,14.00,224,nl.appyhapps.healthsync
2024.12.13 14.15,14.15,140,nl.appyhapps.healthsync
2024.12.13 14.30,14.30,138,nl.appyhapps.healthsync
2024.12.13 14.45,14.45,59,nl.appyhapps.healthsync
2024.12.13 15.15,15.15,416,nl.appyhapps.healthsync
2024.12.13 15.30,15.30,166,nl.appyhapps.healthsync
2024.12.13 16.00,16.00,166,nl.appyhapps.healthsync
2024.12.13 16.45,16.45,95,nl.appyhapps.healthsync
2024.12.13 17.00,17.00,204,nl.appyhapps.healthsync
2024.12.13 17.15,17.15,7,nl.appyhapps.healthsync
2024.12.13 17.30,17.30,290,nl.appyhapps.healthsync
2024.12.13 17.45,17.45,166,nl.appyhapps.healthsync
2024.12.13 18.00,18.00,224,nl.appyhapps.healthsync
2024.12.13 19.30,19.30,22,nl.appyhapps.healthsync
2024.12.13 20.45,20.45,213,nl.appyhapps.healthsync
2024.12.13 21.15,21.15,43,nl.appyhapps.healthsync
2024.12.13 21.45,21.45,165,nl.appyhapps.healthsync
2024.12.13 22.00,22.00,49,nl.appyhapps.healthsync
2024.12.13 23.00,23.00,11,nl.appyhapps.healthsync
